MFName,time,obscfs,obsname
NapaR_Napa,10/31/1959,0.71,napar_napa195910
NapaR_Napa,11/30/1959,1.38,napar_napa195911
NapaR_Napa,12/31/1959,3.12,napar_napa195912
NapaR_Napa,1/31/1960,37.5,napar_napa196001
NapaR_Napa,2/29/1960,740.9,napar_napa196002
NapaR_Napa,3/31/1960,323.8,napar_napa196003
NapaR_Napa,4/30/1960,70.8,napar_napa196004
NapaR_Napa,5/31/1960,27.8,napar_napa196005
NapaR_Napa,6/30/1960,5.18,napar_napa196006
NapaR_Napa,7/31/1960,0.197,napar_napa196007
NapaR_Napa,8/31/1960,0,napar_napa196008
NapaR_Napa,9/30/1960,0,napar_napa196009
NapaR_Napa,10/31/1960,0,napar_napa196010
NapaR_Napa,11/30/1960,4.38,napar_napa196011
NapaR_Napa,12/31/1960,49.9,napar_napa196012
NapaR_Napa,1/31/1961,112.8,napar_napa196101
NapaR_Napa,2/28/1961,260.8,napar_napa196102
NapaR_Napa,3/31/1961,159.8,napar_napa196103
NapaR_Napa,4/30/1961,61.6,napar_napa196104
NapaR_Napa,5/31/1961,23.5,napar_napa196105
NapaR_Napa,6/30/1961,3.38,napar_napa196106
NapaR_Napa,7/31/1961,0,napar_napa196107
NapaR_Napa,8/31/1961,0,napar_napa196108
NapaR_Napa,9/30/1961,0,napar_napa196109
NapaR_Napa,10/31/1961,0,napar_napa196110
NapaR_Napa,11/30/1961,3.52,napar_napa196111
NapaR_Napa,12/31/1961,76.7,napar_napa196112
NapaR_Napa,1/31/1962,63.7,napar_napa196201
NapaR_Napa,2/28/1962,1024,napar_napa196202
NapaR_Napa,3/31/1962,554.3,napar_napa196203
NapaR_Napa,4/30/1962,70.4,napar_napa196204
NapaR_Napa,5/31/1962,22.4,napar_napa196205
NapaR_Napa,6/30/1962,3.5,napar_napa196206
NapaR_Napa,7/31/1962,0.039,napar_napa196207
NapaR_Napa,8/31/1962,0,napar_napa196208
NapaR_Napa,9/30/1962,0,napar_napa196209
NapaR_Napa,10/31/1962,337.7,napar_napa196210
NapaR_Napa,11/30/1962,28.2,napar_napa196211
NapaR_Napa,12/31/1962,227.9,napar_napa196212
NapaR_Napa,1/31/1963,509.9,napar_napa196301
NapaR_Napa,2/28/1963,1077,napar_napa196302
NapaR_Napa,3/31/1963,371.4,napar_napa196303
NapaR_Napa,4/30/1963,867.6,napar_napa196304
NapaR_Napa,5/31/1963,112.1,napar_napa196305
NapaR_Napa,6/30/1963,28.5,napar_napa196306
NapaR_Napa,7/31/1963,5.2,napar_napa196307
NapaR_Napa,8/31/1963,1.71,napar_napa196308
NapaR_Napa,9/30/1963,1.61,napar_napa196309
NapaR_Napa,10/31/1963,7.31,napar_napa196310
NapaR_Napa,11/30/1963,103,napar_napa196311
NapaR_Napa,12/31/1963,34.4,napar_napa196312
NapaR_Napa,1/31/1964,262.9,napar_napa196401
NapaR_Napa,2/29/1964,61.7,napar_napa196402
NapaR_Napa,3/31/1964,34,napar_napa196403
NapaR_Napa,4/30/1964,18.5,napar_napa196404
NapaR_Napa,5/31/1964,5.2,napar_napa196405
NapaR_Napa,6/30/1964,2.5,napar_napa196406
NapaR_Napa,7/31/1964,0.381,napar_napa196407
NapaR_Napa,8/31/1964,0,napar_napa196408
NapaR_Napa,9/30/1964,0.06,napar_napa196409
NapaR_Napa,10/31/1964,0.648,napar_napa196410
NapaR_Napa,11/30/1964,59.3,napar_napa196411
NapaR_Napa,12/31/1964,979.9,napar_napa196412
NapaR_Napa,1/31/1965,1267,napar_napa196501
NapaR_Napa,2/28/1965,164,napar_napa196502
NapaR_Napa,3/31/1965,62.7,napar_napa196503
NapaR_Napa,4/30/1965,273.7,napar_napa196504
NapaR_Napa,5/31/1965,52.2,napar_napa196505
NapaR_Napa,6/30/1965,12.4,napar_napa196506
NapaR_Napa,7/31/1965,3.1,napar_napa196507
NapaR_Napa,8/31/1965,3.54,napar_napa196508
NapaR_Napa,9/30/1965,1.99,napar_napa196509
NapaR_Napa,10/31/1965,2.37,napar_napa196510
NapaR_Napa,11/30/1965,56.5,napar_napa196511
NapaR_Napa,12/31/1965,131.2,napar_napa196512
NapaR_Napa,1/31/1966,870.1,napar_napa196601
NapaR_Napa,2/28/1966,465.7,napar_napa196602
NapaR_Napa,3/31/1966,129.7,napar_napa196603
NapaR_Napa,4/30/1966,46.8,napar_napa196604
NapaR_Napa,5/31/1966,17.2,napar_napa196605
NapaR_Napa,6/30/1966,3.47,napar_napa196606
NapaR_Napa,7/31/1966,0.39,napar_napa196607
NapaR_Napa,8/31/1966,0.59,napar_napa196608
NapaR_Napa,9/30/1966,0.193,napar_napa196609
NapaR_Napa,10/31/1966,0.416,napar_napa196610
NapaR_Napa,11/30/1966,130,napar_napa196611
NapaR_Napa,12/31/1966,602.3,napar_napa196612
NapaR_Napa,1/31/1967,1643,napar_napa196701
NapaR_Napa,2/28/1967,417.5,napar_napa196702
NapaR_Napa,3/31/1967,532.2,napar_napa196703
NapaR_Napa,4/30/1967,709.9,napar_napa196704
NapaR_Napa,5/31/1967,120,napar_napa196705
NapaR_Napa,6/30/1967,55.6,napar_napa196706
NapaR_Napa,7/31/1967,18.2,napar_napa196707
NapaR_Napa,8/31/1967,4.45,napar_napa196708
NapaR_Napa,9/30/1967,3.14,napar_napa196709
NapaR_Napa,10/31/1967,4.85,napar_napa196710
NapaR_Napa,11/30/1967,7.44,napar_napa196711
NapaR_Napa,12/31/1967,53.3,napar_napa196712
NapaR_Napa,1/31/1968,425.3,napar_napa196801
NapaR_Napa,2/29/1968,618.1,napar_napa196802
NapaR_Napa,3/31/1968,444.4,napar_napa196803
NapaR_Napa,4/30/1968,97.3,napar_napa196804
NapaR_Napa,5/31/1968,27.1,napar_napa196805
NapaR_Napa,6/30/1968,6.26,napar_napa196806
NapaR_Napa,7/31/1968,2.53,napar_napa196807
NapaR_Napa,8/31/1968,2.68,napar_napa196808
NapaR_Napa,9/30/1968,1.06,napar_napa196809
NapaR_Napa,10/31/1968,3.65,napar_napa196810
NapaR_Napa,11/30/1968,9.94,napar_napa196811
NapaR_Napa,12/31/1968,320.1,napar_napa196812
NapaR_Napa,1/31/1969,1860,napar_napa196901
NapaR_Napa,2/28/1969,1637,napar_napa196902
NapaR_Napa,3/31/1969,525.4,napar_napa196903
NapaR_Napa,4/30/1969,121.6,napar_napa196904
NapaR_Napa,5/31/1969,42.2,napar_napa196905
NapaR_Napa,6/30/1969,16.6,napar_napa196906
NapaR_Napa,7/31/1969,6.44,napar_napa196907
NapaR_Napa,8/31/1969,3.55,napar_napa196908
NapaR_Napa,9/30/1969,0.697,napar_napa196909
NapaR_Napa,10/31/1969,5.6,napar_napa196910
NapaR_Napa,11/30/1969,8.19,napar_napa196911
NapaR_Napa,12/31/1969,509.3,napar_napa196912
NapaR_Napa,1/31/1970,2672,napar_napa197001
NapaR_Napa,2/28/1970,513.1,napar_napa197002
NapaR_Napa,3/31/1970,365.9,napar_napa197003
NapaR_Napa,4/30/1970,68.4,napar_napa197004
NapaR_Napa,5/31/1970,24.8,napar_napa197005
NapaR_Napa,6/30/1970,5.8,napar_napa197006
NapaR_Napa,7/31/1970,1.8,napar_napa197007
NapaR_Napa,8/31/1970,1.04,napar_napa197008
NapaR_Napa,9/30/1970,1.11,napar_napa197009
NapaR_Napa,10/31/1970,1.92,napar_napa197010
NapaR_Napa,11/30/1970,215.8,napar_napa197011
NapaR_Napa,12/31/1970,1218,napar_napa197012
NapaR_Napa,1/31/1971,457.1,napar_napa197101
NapaR_Napa,2/28/1971,121.7,napar_napa197102
NapaR_Napa,3/31/1971,233.7,napar_napa197103
NapaR_Napa,4/30/1971,106.1,napar_napa197104
NapaR_Napa,5/31/1971,37.5,napar_napa197105
NapaR_Napa,6/30/1971,13.6,napar_napa197106
NapaR_Napa,7/31/1971,4.49,napar_napa197107
NapaR_Napa,8/31/1971,2.21,napar_napa197108
NapaR_Napa,9/30/1971,2.97,napar_napa197109
NapaR_Napa,10/31/1971,3.08,napar_napa197110
NapaR_Napa,11/30/1971,8.08,napar_napa197111
NapaR_Napa,12/31/1971,87.5,napar_napa197112
NapaR_Napa,1/31/1972,83.7,napar_napa197201
NapaR_Napa,2/29/1972,152.9,napar_napa197202
NapaR_Napa,3/31/1972,56.3,napar_napa197203
NapaR_Napa,4/30/1972,35.5,napar_napa197204
NapaR_Napa,5/31/1972,13.5,napar_napa197205
NapaR_Napa,6/30/1972,2.45,napar_napa197206
NapaR_Napa,7/31/1972,0.191,napar_napa197207
NapaR_Napa,8/31/1972,0,napar_napa197208
NapaR_Napa,9/30/1972,0.569,napar_napa197209
NapaR_Napa,10/31/1972,7.1,napar_napa197210
NapaR_Napa,11/30/1972,131.3,napar_napa197211
NapaR_Napa,12/31/1972,156,napar_napa197212
NapaR_Napa,1/31/1973,1626,napar_napa197301
NapaR_Napa,2/28/1973,1247,napar_napa197302
NapaR_Napa,3/31/1973,577.7,napar_napa197303
NapaR_Napa,4/30/1973,111.9,napar_napa197304
NapaR_Napa,5/31/1973,39.2,napar_napa197305
NapaR_Napa,6/30/1973,9.56,napar_napa197306
NapaR_Napa,7/31/1973,2.22,napar_napa197307
NapaR_Napa,8/31/1973,1.58,napar_napa197308
NapaR_Napa,9/30/1973,2.63,napar_napa197309
NapaR_Napa,10/31/1973,3.79,napar_napa197310
NapaR_Napa,11/30/1973,615.5,napar_napa197311
NapaR_Napa,12/31/1973,520.2,napar_napa197312
NapaR_Napa,1/31/1974,983.4,napar_napa197401
NapaR_Napa,2/28/1974,301.2,napar_napa197402
NapaR_Napa,3/31/1974,1124,napar_napa197403
NapaR_Napa,4/30/1974,516.1,napar_napa197404
NapaR_Napa,5/31/1974,65.1,napar_napa197405
NapaR_Napa,6/30/1974,23.5,napar_napa197406
NapaR_Napa,7/31/1974,13.6,napar_napa197407
NapaR_Napa,8/31/1974,7.71,napar_napa197408
NapaR_Napa,9/30/1974,8.34,napar_napa197409
NapaR_Napa,10/31/1974,6.75,napar_napa197410
NapaR_Napa,11/30/1974,7.46,napar_napa197411
NapaR_Napa,12/31/1974,32.2,napar_napa197412
NapaR_Napa,1/31/1975,46.3,napar_napa197501
NapaR_Napa,2/28/1975,1024,napar_napa197502
NapaR_Napa,3/31/1975,987.8,napar_napa197503
NapaR_Napa,4/30/1975,208.5,napar_napa197504
NapaR_Napa,5/31/1975,58.1,napar_napa197505
NapaR_Napa,6/30/1975,19.9,napar_napa197506
NapaR_Napa,7/31/1975,9.13,napar_napa197507
NapaR_Napa,8/31/1975,4.98,napar_napa197508
NapaR_Napa,9/30/1975,6.67,napar_napa197509
NapaR_Napa,10/31/1975,10.3,napar_napa197510
NapaR_Napa,11/30/1975,13.7,napar_napa197511
NapaR_Napa,12/31/1975,11.1,napar_napa197512
NapaR_Napa,1/31/1976,10.6,napar_napa197601
NapaR_Napa,2/29/1976,6.5,napar_napa197602
NapaR_Napa,3/31/1976,20.2,napar_napa197603
NapaR_Napa,4/30/1976,14.9,napar_napa197604
NapaR_Napa,5/31/1976,2.45,napar_napa197605
NapaR_Napa,6/30/1976,0.106,napar_napa197606
NapaR_Napa,7/31/1976,0.003,napar_napa197607
NapaR_Napa,8/31/1976,0.048,napar_napa197608
NapaR_Napa,9/30/1976,0.174,napar_napa197609
NapaR_Napa,10/31/1976,0.565,napar_napa197610
NapaR_Napa,11/30/1976,1.19,napar_napa197611
NapaR_Napa,12/31/1976,0.73,napar_napa197612
NapaR_Napa,1/31/1977,2.91,napar_napa197701
NapaR_Napa,2/28/1977,0.425,napar_napa197702
NapaR_Napa,3/31/1977,2.6,napar_napa197703
NapaR_Napa,4/30/1977,0.198,napar_napa197704
NapaR_Napa,5/31/1977,0,napar_napa197705
NapaR_Napa,6/30/1977,0,napar_napa197706
NapaR_Napa,7/31/1977,0,napar_napa197707
NapaR_Napa,8/31/1977,0,napar_napa197708
NapaR_Napa,9/30/1977,0,napar_napa197709
NapaR_Napa,10/31/1977,0,napar_napa197710
NapaR_Napa,11/30/1977,75.2,napar_napa197711
NapaR_Napa,12/31/1977,233.7,napar_napa197712
NapaR_Napa,1/31/1978,1559,napar_napa197801
NapaR_Napa,2/28/1978,818.4,napar_napa197802
NapaR_Napa,3/31/1978,716.9,napar_napa197803
NapaR_Napa,4/30/1978,221.7,napar_napa197804
NapaR_Napa,5/31/1978,63.5,napar_napa197805
NapaR_Napa,6/30/1978,18.8,napar_napa197806
NapaR_Napa,7/31/1978,8.17,napar_napa197807
NapaR_Napa,8/31/1978,4.33,napar_napa197808
NapaR_Napa,9/30/1978,3.06,napar_napa197809
NapaR_Napa,10/31/1978,2.51,napar_napa197810
NapaR_Napa,11/30/1978,4.66,napar_napa197811
NapaR_Napa,12/31/1978,5.82,napar_napa197812
NapaR_Napa,1/31/1979,304,napar_napa197901
NapaR_Napa,2/28/1979,645.3,napar_napa197902
NapaR_Napa,3/31/1979,292.3,napar_napa197903
NapaR_Napa,4/30/1979,110.2,napar_napa197904
NapaR_Napa,5/31/1979,55.3,napar_napa197905
NapaR_Napa,6/30/1979,13.1,napar_napa197906
NapaR_Napa,7/31/1979,6.02,napar_napa197907
NapaR_Napa,8/31/1979,4.06,napar_napa197908
NapaR_Napa,9/30/1979,2.59,napar_napa197909
NapaR_Napa,10/31/1979,12.3,napar_napa197910
NapaR_Napa,11/30/1979,21.3,napar_napa197911
NapaR_Napa,12/31/1979,207.2,napar_napa197912
NapaR_Napa,1/31/1980,1175,napar_napa198001
NapaR_Napa,2/29/1980,1622,napar_napa198002
NapaR_Napa,3/31/1980,469.5,napar_napa198003
NapaR_Napa,4/30/1980,110,napar_napa198004
NapaR_Napa,5/31/1980,42.6,napar_napa198005
NapaR_Napa,6/30/1980,14.5,napar_napa198006
NapaR_Napa,7/31/1980,5.6,napar_napa198007
NapaR_Napa,8/31/1980,3.93,napar_napa198008
NapaR_Napa,9/30/1980,3.38,napar_napa198009
NapaR_Napa,10/31/1980,2.83,napar_napa198010
NapaR_Napa,11/30/1980,3.48,napar_napa198011
NapaR_Napa,12/31/1980,78.5,napar_napa198012
NapaR_Napa,1/31/1981,353.3,napar_napa198101
NapaR_Napa,2/28/1981,179.1,napar_napa198102
NapaR_Napa,3/31/1981,218.1,napar_napa198103
NapaR_Napa,4/30/1981,75.9,napar_napa198104
NapaR_Napa,5/31/1981,25.6,napar_napa198105
NapaR_Napa,6/30/1981,7.06,napar_napa198106
NapaR_Napa,7/31/1981,2.19,napar_napa198107
NapaR_Napa,8/31/1981,2.74,napar_napa198108
NapaR_Napa,9/30/1981,1.45,napar_napa198109
NapaR_Napa,10/31/1981,7.22,napar_napa198110
NapaR_Napa,11/30/1981,537.5,napar_napa198111
NapaR_Napa,12/31/1981,1318,napar_napa198112
NapaR_Napa,1/31/1982,1465,napar_napa198201
NapaR_Napa,2/28/1982,1020,napar_napa198202
NapaR_Napa,3/31/1982,808.4,napar_napa198203
NapaR_Napa,4/30/1982,1341,napar_napa198204
NapaR_Napa,5/31/1982,92.1,napar_napa198205
NapaR_Napa,6/30/1982,38.7,napar_napa198206
NapaR_Napa,7/31/1982,17.3,napar_napa198207
NapaR_Napa,8/31/1982,9.12,napar_napa198208
NapaR_Napa,9/30/1982,10.7,napar_napa198209
NapaR_Napa,10/31/1982,11.4,napar_napa198210
NapaR_Napa,11/30/1982,246.7,napar_napa198211
NapaR_Napa,12/31/1982,515.9,napar_napa198212
NapaR_Napa,1/31/1983,1204,napar_napa198301
NapaR_Napa,2/28/1983,1816,napar_napa198302
NapaR_Napa,3/31/1983,2598,napar_napa198303
NapaR_Napa,4/30/1983,383.6,napar_napa198304
NapaR_Napa,5/31/1983,226.4,napar_napa198305
NapaR_Napa,6/30/1983,52.1,napar_napa198306
NapaR_Napa,7/31/1983,19.4,napar_napa198307
NapaR_Napa,8/31/1983,9.43,napar_napa198308
NapaR_Napa,9/30/1983,7.55,napar_napa198309
NapaR_Napa,10/31/1983,11.7,napar_napa198310
NapaR_Napa,11/30/1983,507.4,napar_napa198311
NapaR_Napa,12/31/1983,1474,napar_napa198312
NapaR_Napa,1/31/1984,314.3,napar_napa198401
NapaR_Napa,2/29/1984,157.4,napar_napa198402
NapaR_Napa,3/31/1984,158.9,napar_napa198403
NapaR_Napa,4/30/1984,58.6,napar_napa198404
NapaR_Napa,5/31/1984,33.5,napar_napa198405
NapaR_Napa,6/30/1984,13.5,napar_napa198406
NapaR_Napa,7/31/1984,5.54,napar_napa198407
NapaR_Napa,8/31/1984,4.56,napar_napa198408
NapaR_Napa,9/30/1984,3.72,napar_napa198409
NapaR_Napa,10/31/1984,6.02,napar_napa198410
NapaR_Napa,11/30/1984,177.3,napar_napa198411
NapaR_Napa,12/31/1984,105,napar_napa198412
NapaR_Napa,1/31/1985,72,napar_napa198501
NapaR_Napa,2/28/1985,391,napar_napa198502
NapaR_Napa,3/31/1985,167.9,napar_napa198503
NapaR_Napa,4/30/1985,93.3,napar_napa198504
NapaR_Napa,5/31/1985,30.4,napar_napa198505
NapaR_Napa,6/30/1985,11.5,napar_napa198506
NapaR_Napa,7/31/1985,4.09,napar_napa198507
NapaR_Napa,8/31/1985,3.49,napar_napa198508
NapaR_Napa,9/30/1985,4.23,napar_napa198509
NapaR_Napa,10/31/1985,5.04,napar_napa198510
NapaR_Napa,11/30/1985,13.7,napar_napa198511
NapaR_Napa,12/31/1985,49,napar_napa198512
NapaR_Napa,1/31/1986,215.7,napar_napa198601
NapaR_Napa,2/28/1986,4089,napar_napa198602
NapaR_Napa,3/31/1986,1218,napar_napa198603
NapaR_Napa,4/30/1986,119,napar_napa198604
NapaR_Napa,5/31/1986,45.2,napar_napa198605
NapaR_Napa,6/30/1986,16.3,napar_napa198606
NapaR_Napa,7/31/1986,8.52,napar_napa198607
NapaR_Napa,8/31/1986,5.11,napar_napa198608
NapaR_Napa,9/30/1986,5.37,napar_napa198609
NapaR_Napa,10/31/1986,4.78,napar_napa198610
NapaR_Napa,11/30/1986,5.05,napar_napa198611
NapaR_Napa,12/31/1986,7.72,napar_napa198612
NapaR_Napa,1/31/1987,20.3,napar_napa198701
NapaR_Napa,2/28/1987,203.6,napar_napa198702
NapaR_Napa,3/31/1987,194.1,napar_napa198703
NapaR_Napa,4/30/1987,46,napar_napa198704
NapaR_Napa,5/31/1987,16.7,napar_napa198705
NapaR_Napa,6/30/1987,5.78,napar_napa198706
NapaR_Napa,7/31/1987,3.43,napar_napa198707
NapaR_Napa,8/31/1987,2.15,napar_napa198708
NapaR_Napa,9/30/1987,1.01,napar_napa198709
NapaR_Napa,10/31/1987,1.36,napar_napa198710
NapaR_Napa,11/30/1987,5.04,napar_napa198711
NapaR_Napa,12/31/1987,231.9,napar_napa198712
NapaR_Napa,1/31/1988,455.2,napar_napa198801
NapaR_Napa,2/29/1988,78.2,napar_napa198802
NapaR_Napa,3/31/1988,29.3,napar_napa198803
NapaR_Napa,4/30/1988,23.4,napar_napa198804
NapaR_Napa,5/31/1988,17.8,napar_napa198805
NapaR_Napa,6/30/1988,7.7,napar_napa198806
NapaR_Napa,7/31/1988,2.59,napar_napa198807
NapaR_Napa,8/31/1988,1.76,napar_napa198808
NapaR_Napa,9/30/1988,1.27,napar_napa198809
NapaR_Napa,10/31/1988,1.06,napar_napa198810
NapaR_Napa,11/30/1988,26.8,napar_napa198811
NapaR_Napa,12/31/1988,47.8,napar_napa198812
NapaR_Napa,1/31/1989,35.5,napar_napa198901
NapaR_Napa,2/28/1989,16.5,napar_napa198902
NapaR_Napa,3/31/1989,522.7,napar_napa198903
NapaR_Napa,4/30/1989,88.4,napar_napa198904
NapaR_Napa,5/31/1989,26.1,napar_napa198905
NapaR_Napa,6/30/1989,9.98,napar_napa198906
NapaR_Napa,7/31/1989,4.21,napar_napa198907
NapaR_Napa,8/31/1989,1.45,napar_napa198908
NapaR_Napa,9/30/1989,1.55,napar_napa198909
NapaR_Napa,10/31/1989,6.91,napar_napa198910
NapaR_Napa,11/30/1989,11.7,napar_napa198911
NapaR_Napa,12/31/1989,7.88,napar_napa198912
NapaR_Napa,1/31/1990,108.5,napar_napa199001
NapaR_Napa,2/28/1990,163.7,napar_napa199002
NapaR_Napa,3/31/1990,64.3,napar_napa199003
NapaR_Napa,4/30/1990,21,napar_napa199004
NapaR_Napa,5/31/1990,39.8,napar_napa199005
NapaR_Napa,6/30/1990,19.3,napar_napa199006
NapaR_Napa,7/31/1990,2.65,napar_napa199007
NapaR_Napa,8/31/1990,1.46,napar_napa199008
NapaR_Napa,9/30/1990,0.832,napar_napa199009
NapaR_Napa,10/31/1990,0.912,napar_napa199010
NapaR_Napa,11/30/1990,1.1,napar_napa199011
NapaR_Napa,12/31/1990,2.57,napar_napa199012
NapaR_Napa,1/31/1991,2.17,napar_napa199101
NapaR_Napa,2/28/1991,10.3,napar_napa199102
NapaR_Napa,3/31/1991,901.5,napar_napa199103
NapaR_Napa,4/30/1991,108.3,napar_napa199104
NapaR_Napa,5/31/1991,32,napar_napa199105
NapaR_Napa,6/30/1991,9.2,napar_napa199106
NapaR_Napa,7/31/1991,3.69,napar_napa199107
NapaR_Napa,8/31/1991,1.57,napar_napa199108
NapaR_Napa,9/30/1991,1.42,napar_napa199109
NapaR_Napa,10/31/1991,1.08,napar_napa199110
NapaR_Napa,11/30/1991,1.46,napar_napa199111
NapaR_Napa,12/31/1991,5.33,napar_napa199112
NapaR_Napa,1/31/1992,17.3,napar_napa199201
NapaR_Napa,2/29/1992,448.4,napar_napa199202
NapaR_Napa,3/31/1992,347.9,napar_napa199203
NapaR_Napa,4/30/1992,74.8,napar_napa199204
NapaR_Napa,5/31/1992,25.1,napar_napa199205
NapaR_Napa,6/30/1992,7.47,napar_napa199206
NapaR_Napa,7/31/1992,3.61,napar_napa199207
NapaR_Napa,8/31/1992,1.55,napar_napa199208
NapaR_Napa,9/30/1992,0.399,napar_napa199209
NapaR_Napa,10/31/1992,2.27,napar_napa199210
NapaR_Napa,11/30/1992,3.91,napar_napa199211
NapaR_Napa,12/31/1992,230.5,napar_napa199212
NapaR_Napa,1/31/1993,1711,napar_napa199301
NapaR_Napa,2/28/1993,1031,napar_napa199302
NapaR_Napa,3/31/1993,292.4,napar_napa199303
NapaR_Napa,4/30/1993,105,napar_napa199304
NapaR_Napa,5/31/1993,51.3,napar_napa199305
NapaR_Napa,6/30/1993,29.4,napar_napa199306
NapaR_Napa,7/31/1993,5.32,napar_napa199307
NapaR_Napa,8/31/1993,2.97,napar_napa199308
NapaR_Napa,9/30/1993,2.33,napar_napa199309
NapaR_Napa,10/31/1993,1.69,napar_napa199310
NapaR_Napa,11/30/1993,5.93,napar_napa199311
NapaR_Napa,12/31/1993,67.9,napar_napa199312
NapaR_Napa,1/31/1994,55.7,napar_napa199401
NapaR_Napa,2/28/1994,271.4,napar_napa199402
NapaR_Napa,3/31/1994,51.6,napar_napa199403
NapaR_Napa,4/30/1994,28.5,napar_napa199404
NapaR_Napa,5/31/1994,20.6,napar_napa199405
NapaR_Napa,6/30/1994,7.73,napar_napa199406
NapaR_Napa,7/31/1994,1.94,napar_napa199407
NapaR_Napa,8/31/1994,0.337,napar_napa199408
NapaR_Napa,9/30/1994,0.511,napar_napa199409
NapaR_Napa,10/31/1994,0.976,napar_napa199410
NapaR_Napa,11/30/1994,15.6,napar_napa199411
NapaR_Napa,12/31/1994,76,napar_napa199412
NapaR_Napa,1/31/1995,3083,napar_napa199501
NapaR_Napa,2/28/1995,347.9,napar_napa199502
NapaR_Napa,3/31/1995,2530,napar_napa199503
NapaR_Napa,4/30/1995,227.2,napar_napa199504
NapaR_Napa,5/31/1995,165.9,napar_napa199505
NapaR_Napa,6/30/1995,40.1,napar_napa199506
NapaR_Napa,7/31/1995,13.5,napar_napa199507
NapaR_Napa,8/31/1995,2.84,napar_napa199508
NapaR_Napa,9/30/1995,2.05,napar_napa199509
NapaR_Napa,10/31/1995,1.92,napar_napa199510
NapaR_Napa,11/30/1995,2.61,napar_napa199511
NapaR_Napa,12/31/1995,229.2,napar_napa199512
NapaR_Napa,1/31/1996,695.9,napar_napa199601
NapaR_Napa,2/29/1996,1335,napar_napa199602
NapaR_Napa,3/31/1996,516.4,napar_napa199603
NapaR_Napa,4/30/1996,210.7,napar_napa199604
NapaR_Napa,5/31/1996,110.9,napar_napa199605
NapaR_Napa,6/30/1996,42.8,napar_napa199606
NapaR_Napa,7/31/1996,14,napar_napa199607
NapaR_Napa,8/31/1996,5.49,napar_napa199608
NapaR_Napa,9/30/1996,2.84,napar_napa199609
NapaR_Napa,10/31/1996,2.54,napar_napa199610
NapaR_Napa,11/30/1996,35.4,napar_napa199611
NapaR_Napa,12/31/1996,749.8,napar_napa199612
NapaR_Napa,1/31/1997,2481,napar_napa199701
NapaR_Napa,2/28/1997,336.3,napar_napa199702
NapaR_Napa,3/31/1997,97.8,napar_napa199703
NapaR_Napa,4/30/1997,41,napar_napa199704
NapaR_Napa,5/31/1997,20.8,napar_napa199705
NapaR_Napa,6/30/1997,5.96,napar_napa199706
NapaR_Napa,7/31/1997,1.02,napar_napa199707
NapaR_Napa,8/31/1997,0.244,napar_napa199708
NapaR_Napa,9/30/1997,0.201,napar_napa199709
NapaR_Napa,10/31/1997,0.552,napar_napa199710
NapaR_Napa,11/30/1997,43,napar_napa199711
NapaR_Napa,12/31/1997,143.8,napar_napa199712
NapaR_Napa,1/31/1998,862.2,napar_napa199801
NapaR_Napa,2/28/1998,3408,napar_napa199802
NapaR_Napa,3/31/1998,339.7,napar_napa199803
NapaR_Napa,4/30/1998,273.6,napar_napa199804
NapaR_Napa,5/31/1998,148.7,napar_napa199805
NapaR_Napa,6/30/1998,100.5,napar_napa199806
NapaR_Napa,7/31/1998,23.9,napar_napa199807
NapaR_Napa,8/31/1998,5.46,napar_napa199808
NapaR_Napa,9/30/1998,3.05,napar_napa199809
NapaR_Napa,10/31/1998,2.82,napar_napa199810
NapaR_Napa,11/30/1998,54.2,napar_napa199811
NapaR_Napa,12/31/1998,130.7,napar_napa199812
NapaR_Napa,1/31/1999,122.4,napar_napa199901
NapaR_Napa,2/28/1999,1276,napar_napa199902
NapaR_Napa,3/31/1999,517.6,napar_napa199903
NapaR_Napa,4/30/1999,354.1,napar_napa199904
NapaR_Napa,5/31/1999,72.2,napar_napa199905
NapaR_Napa,6/30/1999,26.3,napar_napa199906
NapaR_Napa,7/31/1999,5.78,napar_napa199907
NapaR_Napa,8/31/1999,2.73,napar_napa199908
NapaR_Napa,9/30/1999,0.831,napar_napa199909
NapaR_Napa,10/31/1999,1.23,napar_napa199910
NapaR_Napa,11/30/1999,6.68,napar_napa199911
NapaR_Napa,12/31/1999,7.77,napar_napa199912
NapaR_Napa,1/31/2000,104.1,napar_napa200001
NapaR_Napa,2/29/2000,1034,napar_napa200002
NapaR_Napa,3/31/2000,592.9,napar_napa200003
NapaR_Napa,4/30/2000,85.1,napar_napa200004
NapaR_Napa,5/31/2000,40.1,napar_napa200005
NapaR_Napa,6/30/2000,11,napar_napa200006
NapaR_Napa,7/31/2000,2.64,napar_napa200007
NapaR_Napa,8/31/2000,0.324,napar_napa200008
NapaR_Napa,9/30/2000,0.057,napar_napa200009
NapaR_Napa,10/31/2000,2.3,napar_napa200010
NapaR_Napa,11/30/2000,4.6,napar_napa200011
NapaR_Napa,12/31/2000,6.94,napar_napa200012
NapaR_Napa,1/31/2001,71.5,napar_napa200101
NapaR_Napa,2/28/2001,442.4,napar_napa200102
NapaR_Napa,3/31/2001,305.3,napar_napa200103
NapaR_Napa,4/30/2001,38.9,napar_napa200104
NapaR_Napa,5/31/2001,18.4,napar_napa200105
NapaR_Napa,6/30/2001,4.29,napar_napa200106
NapaR_Napa,7/31/2001,0.719,napar_napa200107
NapaR_Napa,8/31/2001,0.04,napar_napa200108
NapaR_Napa,9/30/2001,0,napar_napa200109
NapaR_Napa,10/31/2001,0,napar_napa200110
NapaR_Napa,11/30/2001,65.6,napar_napa200111
NapaR_Napa,12/31/2001,964,napar_napa200112
NapaR_Napa,1/31/2002,814.7,napar_napa200201
NapaR_Napa,2/28/2002,159.2,napar_napa200202
NapaR_Napa,3/31/2002,212,napar_napa200203
NapaR_Napa,4/30/2002,65.1,napar_napa200204
NapaR_Napa,5/31/2002,26.6,napar_napa200205
NapaR_Napa,6/30/2002,9.36,napar_napa200206
NapaR_Napa,7/31/2002,1.76,napar_napa200207
NapaR_Napa,8/31/2002,0,napar_napa200208
NapaR_Napa,9/30/2002,0,napar_napa200209
NapaR_Napa,10/31/2002,0,napar_napa200210
NapaR_Napa,11/30/2002,4.72,napar_napa200211
NapaR_Napa,12/31/2002,1613,napar_napa200212
NapaR_Napa,1/31/2003,659.6,napar_napa200301
NapaR_Napa,2/28/2003,292.7,napar_napa200302
NapaR_Napa,3/31/2003,252.1,napar_napa200303
NapaR_Napa,4/30/2003,249.8,napar_napa200304
NapaR_Napa,5/31/2003,278.8,napar_napa200305
NapaR_Napa,6/30/2003,33.5,napar_napa200306
NapaR_Napa,7/31/2003,7.4,napar_napa200307
NapaR_Napa,8/31/2003,1.77,napar_napa200308
NapaR_Napa,9/30/2003,0.133,napar_napa200309
NapaR_Napa,10/31/2003,0,napar_napa200310
NapaR_Napa,11/30/2003,3.59,napar_napa200311
NapaR_Napa,12/31/2003,576.7,napar_napa200312
NapaR_Napa,1/31/2004,474.8,napar_napa200401
NapaR_Napa,2/29/2004,1401,napar_napa200402
NapaR_Napa,3/31/2004,260.4,napar_napa200403
NapaR_Napa,4/30/2004,52.2,napar_napa200404
NapaR_Napa,5/31/2004,24.7,napar_napa200405
NapaR_Napa,6/30/2004,8.88,napar_napa200406
NapaR_Napa,7/31/2004,2.29,napar_napa200407
NapaR_Napa,8/31/2004,0.243,napar_napa200408
NapaR_Napa,9/30/2004,0.034,napar_napa200409
NapaR_Napa,10/31/2004,3.64,napar_napa200410
NapaR_Napa,11/30/2004,8.51,napar_napa200411
NapaR_Napa,12/31/2004,519.9,napar_napa200412
NapaR_Napa,1/31/2005,721.3,napar_napa200501
NapaR_Napa,2/28/2005,398.6,napar_napa200502
NapaR_Napa,3/31/2005,697.4,napar_napa200503
NapaR_Napa,4/30/2005,278.4,napar_napa200504
NapaR_Napa,5/31/2005,265.8,napar_napa200505
NapaR_Napa,6/30/2005,62.4,napar_napa200506
NapaR_Napa,7/31/2005,16.2,napar_napa200507
NapaR_Napa,8/31/2005,4.18,napar_napa200508
NapaR_Napa,9/30/2005,1.15,napar_napa200509
NapaR_Napa,10/31/2005,0.019,napar_napa200510
NapaR_Napa,11/30/2005,3.17,napar_napa200511
NapaR_Napa,12/31/2005,1407,napar_napa200512
NapaR_Napa,1/31/2006,1272,napar_napa200601
NapaR_Napa,2/28/2006,544.9,napar_napa200602
NapaR_Napa,3/31/2006,1394,napar_napa200603
NapaR_Napa,4/30/2006,1205,napar_napa200604
NapaR_Napa,5/31/2006,118.6,napar_napa200605
NapaR_Napa,6/30/2006,36,napar_napa200606
NapaR_Napa,7/31/2006,11.5,napar_napa200607
NapaR_Napa,8/31/2006,2.8,napar_napa200608
NapaR_Napa,9/30/2006,0.632,napar_napa200609
NapaR_Napa,10/31/2006,0.435,napar_napa200610
NapaR_Napa,11/30/2006,4.15,napar_napa200611
NapaR_Napa,12/31/2006,61,napar_napa200612
NapaR_Napa,1/31/2007,27.4,napar_napa200701
NapaR_Napa,2/28/2007,311.2,napar_napa200702
NapaR_Napa,3/31/2007,101.7,napar_napa200703
NapaR_Napa,4/30/2007,29.6,napar_napa200704
NapaR_Napa,5/31/2007,18.7,napar_napa200705
NapaR_Napa,6/30/2007,10.1,napar_napa200706
NapaR_Napa,7/31/2007,1.49,napar_napa200707
NapaR_Napa,8/31/2007,0.186,napar_napa200708
NapaR_Napa,9/30/2007,0.022,napar_napa200709
NapaR_Napa,10/31/2007,0.014,napar_napa200710
NapaR_Napa,11/30/2007,0.012,napar_napa200711
NapaR_Napa,12/31/2007,19.1,napar_napa200712
NapaR_Napa,1/31/2008,673.5,napar_napa200801
NapaR_Napa,2/29/2008,519.3,napar_napa200802
NapaR_Napa,3/31/2008,104,napar_napa200803
NapaR_Napa,4/30/2008,31.1,napar_napa200804
NapaR_Napa,5/31/2008,16.2,napar_napa200805
NapaR_Napa,6/30/2008,4.62,napar_napa200806
NapaR_Napa,7/31/2008,0.726,napar_napa200807
NapaR_Napa,8/31/2008,0.054,napar_napa200808
NapaR_Napa,9/30/2008,0.004,napar_napa200809
NapaR_Napa,10/31/2008,0,napar_napa200810
NapaR_Napa,11/30/2008,0.825,napar_napa200811
NapaR_Napa,12/31/2008,10.7,napar_napa200812
NapaR_Napa,1/31/2009,5.56,napar_napa200901
NapaR_Napa,2/28/2009,617.8,napar_napa200902
NapaR_Napa,3/31/2009,341.7,napar_napa200903
NapaR_Napa,4/30/2009,38.4,napar_napa200904
NapaR_Napa,5/31/2009,42.1,napar_napa200905
NapaR_Napa,6/30/2009,10.6,napar_napa200906
NapaR_Napa,7/31/2009,1.74,napar_napa200907
NapaR_Napa,8/31/2009,0.12,napar_napa200908
NapaR_Napa,9/30/2009,0,napar_napa200909
NapaR_Napa,10/31/2009,3.51,napar_napa200910
NapaR_Napa,11/30/2009,0.75,napar_napa200911
NapaR_Napa,12/31/2009,9.96,napar_napa200912
NapaR_Napa,1/31/2010,678.2,napar_napa201001
NapaR_Napa,2/28/2010,431.8,napar_napa201002
NapaR_Napa,3/31/2010,419.5,napar_napa201003
NapaR_Napa,4/30/2010,451.3,napar_napa201004
NapaR_Napa,5/31/2010,86.2,napar_napa201005
NapaR_Napa,6/30/2010,30.7,napar_napa201006
NapaR_Napa,7/31/2010,9.63,napar_napa201007
NapaR_Napa,8/31/2010,3.34,napar_napa201008
NapaR_Napa,9/30/2010,0.261,napar_napa201009
NapaR_Napa,10/31/2010,12.3,napar_napa201010
NapaR_Napa,11/30/2010,21.7,napar_napa201011
NapaR_Napa,12/31/2010,538.3,napar_napa201012
NapaR_Napa,1/31/2011,278.4,napar_napa201101
NapaR_Napa,2/28/2011,641.6,napar_napa201102
NapaR_Napa,3/31/2011,1733,napar_napa201103
NapaR_Napa,4/30/2011,236.1,napar_napa201104
NapaR_Napa,5/31/2011,69.2,napar_napa201105
NapaR_Napa,6/30/2011,60.9,napar_napa201106
NapaR_Napa,7/31/2011,16.2,napar_napa201107
NapaR_Napa,8/31/2011,5.35,napar_napa201108
NapaR_Napa,9/30/2011,2.15,napar_napa201109
NapaR_Napa,10/31/2011,3.9,napar_napa201110
NapaR_Napa,11/30/2011,5.33,napar_napa201111
NapaR_Napa,12/31/2011,5.17,napar_napa201112
NapaR_Napa,1/31/2012,98.4,napar_napa201201
NapaR_Napa,2/29/2012,21.7,napar_napa201202
NapaR_Napa,3/31/2012,621,napar_napa201203
NapaR_Napa,4/30/2012,310.1,napar_napa201204
NapaR_Napa,5/31/2012,52.1,napar_napa201205
NapaR_Napa,6/30/2012,15,napar_napa201206
NapaR_Napa,7/31/2012,4.7,napar_napa201207
NapaR_Napa,8/31/2012,0.381,napar_napa201208
NapaR_Napa,9/30/2012,0,napar_napa201209
NapaR_Napa,10/31/2012,0,napar_napa201210
NapaR_Napa,11/30/2012,146.3,napar_napa201211
NapaR_Napa,12/31/2012,1358,napar_napa201212
NapaR_Napa,1/31/2013,248.3,napar_napa201301
NapaR_Napa,2/28/2013,61.4,napar_napa201302
NapaR_Napa,3/31/2013,37.7,napar_napa201303
NapaR_Napa,4/30/2013,27.4,napar_napa201304
NapaR_Napa,5/31/2013,10.3,napar_napa201305
NapaR_Napa,6/30/2013,4.42,napar_napa201306
NapaR_Napa,7/31/2013,0.234,napar_napa201307
NapaR_Napa,8/31/2013,0,napar_napa201308
NapaR_Napa,9/30/2013,0,napar_napa201309
NapaR_Napa,10/31/2013,0,napar_napa201310
NapaR_Napa,11/30/2013,0,napar_napa201311
NapaR_Napa,12/31/2013,0,napar_napa201312
NapaR_Napa,1/31/2014,0,napar_napa201401
NapaR_Napa,2/28/2014,183.8,napar_napa201402
NapaR_Napa,3/31/2014,111.5,napar_napa201403
NapaR_Napa,4/30/2014,128.2,napar_napa201404
NapaR_Napa,5/31/2014,18.8,napar_napa201405
NapaR_Napa,6/30/2014,3.88,napar_napa201406
NapaR_Napa,7/31/2014,0.135,napar_napa201407
NapaR_Napa,8/31/2014,0,napar_napa201408
NapaR_Napa,9/30/2014,0.032,napar_napa201409
NapaR_Napa,10/31/2014,0,napar_napa201410
NapaR_Napa,11/30/2014,0.087,napar_napa201411
NapaR_Napa,12/31/2014,695.2,napar_napa201412
NapaR_Napa,1/31/2015,52.5,napar_napa201501
NapaR_Napa,2/28/2015,299.9,napar_napa201502
NapaR_Napa,3/31/2015,49.2,napar_napa201503
NapaR_Napa,4/30/2015,25.6,napar_napa201504
NapaR_Napa,5/31/2015,12.2,napar_napa201505
NapaR_Napa,6/30/2015,11.5,napar_napa201506
NapaR_Napa,7/31/2015,1.69,napar_napa201507
NapaR_Napa,8/31/2015,0,napar_napa201508
NapaR_Napa,9/30/2015,0,napar_napa201509
NapaR_Napa,10/31/2015,0,napar_napa201510
NapaR_Napa,11/30/2015,0,napar_napa201511
NapaR_Napa,12/31/2015,26.8,napar_napa201512
NapaR_Napa,1/31/2016,420.3,napar_napa201601
NapaR_Napa,2/29/2016,81.1,napar_napa201602
NapaR_Napa,3/31/2016,1188,napar_napa201603
NapaR_Napa,4/30/2016,96.3,napar_napa201604
NapaR_Napa,5/31/2016,32.6,napar_napa201605
NapaR_Napa,6/30/2016,11,napar_napa201606
NapaR_Napa,7/31/2016,2.68,napar_napa201607
NapaR_Napa,8/31/2016,0.164,napar_napa201608
NapaR_Napa,9/30/2016,0,napar_napa201609
NapaR_Napa,10/31/2016,6.08,napar_napa201610
NapaR_Napa,11/30/2016,50,napar_napa201611
NapaR_Napa,12/31/2016,353.5,napar_napa201612
NapaR_Napa,1/31/2017,2745,napar_napa201701
NapaR_Napa,2/28/2017,2661,napar_napa201702
NapaR_Napa,3/31/2017,374.9,napar_napa201703
NapaR_Napa,4/30/2017,336,napar_napa201704
NapaR_Napa,5/31/2017,70,napar_napa201705
NapaR_Napa,6/30/2017,26.2,napar_napa201706
NapaR_Napa,7/31/2017,6.81,napar_napa201707
NapaR_Napa,8/31/2017,1.57,napar_napa201708
NapaR_Napa,9/30/2017,0,napar_napa201709
NapaR_Napa,10/31/2017,0.281,napar_napa201710
NapaR_Napa,11/30/2017,4.52,napar_napa201711
NapaR_Napa,12/31/2017,5.15,napar_napa201712
NapaR_Napa,1/31/2018,55.8,napar_napa201801
NapaR_Napa,2/28/2018,18.1,napar_napa201802
NapaR_Napa,3/31/2018,221.4,napar_napa201803
NapaR_Napa,4/30/2018,123.9,napar_napa201804
NapaR_Napa,5/31/2018,27.5,napar_napa201805
NapaR_Napa,6/30/2018,9.18,napar_napa201806
NapaR_Napa,7/31/2018,5.18,napar_napa201807
NapaR_Napa,8/31/2018,0.013,napar_napa201808
NapaR_Napa,9/30/2018,0,napar_napa201809
NapaR_Napa,10/31/2018,0,napar_napa201810
NapaR_Napa,11/30/2018,2.35,napar_napa201811
NapaR_Napa,12/31/2018,19.9,napar_napa201812
NapaR_Napa,1/31/2019,501.6,napar_napa201901
NapaR_Napa,2/28/2019,2166,napar_napa201902
NapaR_Napa,3/31/2019,963.7,napar_napa201903
NapaR_Napa,4/30/2019,279.5,napar_napa201904
NapaR_Napa,5/31/2019,106.4,napar_napa201905
NapaR_Napa,6/30/2019,39.8,napar_napa201906
NapaR_Napa,7/31/2019,13.3,napar_napa201907
NapaR_Napa,8/31/2019,3.48,napar_napa201908
NapaR_Napa,9/30/2019,0,napar_napa201909
NapaR_Napa,10/31/2019,0,napar_napa201910
NapaR_Napa,11/30/2019,0,napar_napa201911
NapaR_Napa,12/31/2019,91.5,napar_napa201912
NapaR_Napa,1/31/2020,97.4,napar_napa202001
NapaR_Napa,2/29/2020,41.3,napar_napa202002
NapaR_Napa,3/31/2020,21.1,napar_napa202003
NapaR_Napa,4/30/2020,21.6,napar_napa202004
NapaR_Napa,5/31/2020,10.7,napar_napa202005
NapaR_Napa,6/30/2020,1.68,napar_napa202006
NapaR_Napa,7/31/2020,0,napar_napa202007
NapaR_Napa,8/31/2020,0,napar_napa202008
NapaR_Napa,9/30/2020,0,napar_napa202009
NapaR_Napa,10/31/2020,0,napar_napa202010
NapaR_Napa,11/30/2020,0,napar_napa202011
NapaR_Napa,12/31/2020,0,napar_napa202012
NapaR_Napa,1/31/2021,2.13,napar_napa202101
NapaR_Napa,2/28/2021,7.09,napar_napa202102
NapaR_Napa,3/31/2021,21.3,napar_napa202103
NapaR_Napa,4/30/2021,2.96,napar_napa202104
NapaR_Napa,5/31/2021,0,napar_napa202105
NapaR_Napa,6/30/2021,0,napar_napa202106
NapaR_Napa,7/31/2021,0,napar_napa202107
NapaR_Napa,8/31/2021,0,napar_napa202108
NapaR_Napa,9/30/2021,0,napar_napa202109
NapaR_Napa,10/31/2021,233.4,napar_napa202110
NapaR_Napa,11/30/2021,37.4,napar_napa202111
NapaR_Napa,12/31/2021,500.7,napar_napa202112
NapaR_Napa,1/31/2022,175.4,napar_napa202201
NapaR_Napa,2/28/2022,40.4,napar_napa202202
NapaR_Napa,3/31/2022,22.2,napar_napa202203
NapaR_Napa,4/30/2022,22.1,napar_napa202204
NapaR_Napa,5/31/2022,10.9,napar_napa202205
NapaR_Napa,6/30/2022,3.66,napar_napa202206
NapaR_Napa,7/31/2022,0.243,napar_napa202207
NapaR_Napa,8/31/2022,0,napar_napa202208
NapaR_Napa,9/30/2022,0,napar_napa202209
NapaR_Napa,10/31/2022,0,napar_napa202210
NapaR_Napa,11/30/2022,0,napar_napa202211
NapaR_Napa,12/31/2022,157.6,napar_napa202212
NapaR_Napa,1/31/2023,1740,napar_napa202301
NapaR_Napa,2/28/2023,252.4,napar_napa202302
NapaR_Napa,3/31/2023,1686,napar_napa202303
NapaR_Napa,4/30/2023,237.8,napar_napa202304
NapaR_Napa,5/31/2023,61.7,napar_napa202305
NapaR_Napa,6/30/2023,27.3,napar_napa202306
NapaR_Napa,7/31/2023,8.72,napar_napa202307
NapaR_Napa,8/31/2023,2.12,napar_napa202308
NapaR_Napa,9/30/2023,0.281,napar_napa202309
NapaR_Napa,10/31/2023,0.015,napar_napa202310
NapaR_Napa,11/30/2023,0.564,napar_napa202311
NapaR_Napa,12/31/2023,36.4,napar_napa202312
NapaR_Napa,1/31/2024,303,napar_napa202401
NapaR_Napa,2/29/2024,1250,napar_napa202402
NapaR_Napa,3/31/2024,411.5,napar_napa202403
NapaR_Napa,4/30/2024,127.4,napar_napa202404
NapaR_Napa,5/31/2024,50.6,napar_napa202405
NapaR_Napa,6/30/2024,17.4,napar_napa202406
NapaR_Napa,7/31/2024,4.55,napar_napa202407
NapaR_Napa,8/31/2024,1.58,napar_napa202408
NapaR_Napa,9/30/2024,0.234,napar_napa202409
NapaR_Napa,10/31/2024,0,napar_napa202410
NapaR_Napa,11/30/2024,505.1,napar_napa202411
NapaR_Napa,12/31/2024,657.9,napar_napa202412
NapaR_Napa,1/31/2025,258.5,napar_napa202501
NapaR_Napa,2/28/2025,1600,napar_napa202502
NapaR_Napa,3/31/2025,238,napar_napa202503
NapaR_Helena,10/31/1929,0.1,napar_helena192910
NapaR_Helena,11/30/1929,0.49,napar_helena192911
NapaR_Helena,12/31/1929,320.7,napar_helena192912
NapaR_Helena,1/31/1930,201.5,napar_helena193001
NapaR_Helena,2/28/1930,162.7,napar_helena193002
NapaR_Helena,3/31/1930,174.2,napar_helena193003
NapaR_Helena,4/30/1930,26.2,napar_helena193004
NapaR_Helena,5/31/1930,13.4,napar_helena193005
NapaR_Helena,6/30/1930,4.77,napar_helena193006
NapaR_Helena,7/31/1930,1.75,napar_helena193007
NapaR_Helena,8/31/1930,0.497,napar_helena193008
NapaR_Helena,9/30/1930,0.4,napar_helena193009
NapaR_Helena,10/31/1930,0.4,napar_helena193010
NapaR_Helena,11/30/1930,0.5,napar_helena193011
NapaR_Helena,12/31/1930,1.04,napar_helena193012
NapaR_Helena,1/31/1931,31.1,napar_helena193101
NapaR_Helena,2/28/1931,9.04,napar_helena193102
NapaR_Helena,3/31/1931,27.9,napar_helena193103
NapaR_Helena,4/30/1931,8.61,napar_helena193104
NapaR_Helena,5/31/1931,3.98,napar_helena193105
NapaR_Helena,6/30/1931,0.797,napar_helena193106
NapaR_Helena,7/31/1931,0.142,napar_helena193107
NapaR_Helena,8/31/1931,0.1,napar_helena193108
NapaR_Helena,9/30/1931,0.1,napar_helena193109
NapaR_Helena,10/31/1931,0.1,napar_helena193110
NapaR_Helena,11/30/1931,0.1,napar_helena193111
NapaR_Helena,12/31/1931,340.3,napar_helena193112
NapaR_Helena,1/31/1932,159,napar_helena193201
NapaR_Helena,2/29/1932,105.7,napar_helena193202
NapaR_Helena,3/31/1932,24.5,napar_helena193203
NapaR_Helena,4/30/1932,13.6,napar_helena193204
NapaR_Helena,5/31/1932,10.6,napar_helena193205
NapaR_Helena,6/30/1932,4.58,napar_helena193206
NapaR_Helena,7/31/1932,1.35,napar_helena193207
NapaR_Helena,8/31/1932,0.3,napar_helena193208
NapaR_Helena,10/31/1939,0.1,napar_helena193910
NapaR_Helena,11/30/1939,0.133,napar_helena193911
NapaR_Helena,12/31/1939,0.235,napar_helena193912
NapaR_Helena,1/31/1940,306.6,napar_helena194001
NapaR_Helena,2/29/1940,863.7,napar_helena194002
NapaR_Helena,3/31/1940,485.3,napar_helena194003
NapaR_Helena,4/30/1940,139.1,napar_helena194004
NapaR_Helena,5/31/1940,22.9,napar_helena194005
NapaR_Helena,6/30/1940,11.5,napar_helena194006
NapaR_Helena,7/31/1940,4.75,napar_helena194007
NapaR_Helena,8/31/1940,2.56,napar_helena194008
NapaR_Helena,9/30/1940,1.25,napar_helena194009
NapaR_Helena,10/31/1940,0.913,napar_helena194010
NapaR_Helena,11/30/1940,2.76,napar_helena194011
NapaR_Helena,12/31/1940,444,napar_helena194012
NapaR_Helena,1/31/1941,683,napar_helena194101
NapaR_Helena,2/28/1941,537.3,napar_helena194102
NapaR_Helena,3/31/1941,328,napar_helena194103
NapaR_Helena,4/30/1941,489.1,napar_helena194104
NapaR_Helena,5/31/1941,38.8,napar_helena194105
NapaR_Helena,6/30/1941,14.5,napar_helena194106
NapaR_Helena,7/31/1941,7.66,napar_helena194107
NapaR_Helena,8/31/1941,4.43,napar_helena194108
NapaR_Helena,9/30/1941,3.11,napar_helena194109
NapaR_Helena,10/31/1941,1.57,napar_helena194110
NapaR_Helena,11/30/1941,3.49,napar_helena194111
NapaR_Helena,12/31/1941,337.5,napar_helena194112
NapaR_Helena,1/31/1942,371,napar_helena194201
NapaR_Helena,2/28/1942,826.3,napar_helena194202
NapaR_Helena,3/31/1942,137,napar_helena194203
NapaR_Helena,4/30/1942,242.8,napar_helena194204
NapaR_Helena,5/31/1942,51.7,napar_helena194205
NapaR_Helena,6/30/1942,15.9,napar_helena194206
NapaR_Helena,7/31/1942,7,napar_helena194207
NapaR_Helena,8/31/1942,3.16,napar_helena194208
NapaR_Helena,9/30/1942,1.63,napar_helena194209
NapaR_Helena,10/31/1942,1.2,napar_helena194210
NapaR_Helena,11/30/1942,22.1,napar_helena194211
NapaR_Helena,12/31/1942,95,napar_helena194212
NapaR_Helena,1/31/1943,525.3,napar_helena194301
NapaR_Helena,2/28/1943,140.9,napar_helena194302
NapaR_Helena,3/31/1943,142.4,napar_helena194303
NapaR_Helena,4/30/1943,45.5,napar_helena194304
NapaR_Helena,5/31/1943,22.4,napar_helena194305
NapaR_Helena,6/30/1943,8.89,napar_helena194306
NapaR_Helena,7/31/1943,4.32,napar_helena194307
NapaR_Helena,8/31/1943,1.86,napar_helena194308
NapaR_Helena,9/30/1943,0.737,napar_helena194309
NapaR_Helena,10/31/1943,0.471,napar_helena194310
NapaR_Helena,11/30/1943,1.1,napar_helena194311
NapaR_Helena,12/31/1943,2.57,napar_helena194312
NapaR_Helena,1/31/1944,20.5,napar_helena194401
NapaR_Helena,2/29/1944,200.4,napar_helena194402
NapaR_Helena,3/31/1944,230.5,napar_helena194403
NapaR_Helena,4/30/1944,24.8,napar_helena194404
NapaR_Helena,5/31/1944,13.9,napar_helena194405
NapaR_Helena,6/30/1944,6.95,napar_helena194406
NapaR_Helena,7/31/1944,2.81,napar_helena194407
NapaR_Helena,8/31/1944,1.25,napar_helena194408
NapaR_Helena,9/30/1944,0.587,napar_helena194409
NapaR_Helena,10/31/1944,0.745,napar_helena194410
NapaR_Helena,11/30/1944,21.8,napar_helena194411
NapaR_Helena,12/31/1944,39.1,napar_helena194412
NapaR_Helena,1/31/1945,47.5,napar_helena194501
NapaR_Helena,2/28/1945,361.8,napar_helena194502
NapaR_Helena,3/31/1945,156.1,napar_helena194503
NapaR_Helena,4/30/1945,48.2,napar_helena194504
NapaR_Helena,5/31/1945,18.1,napar_helena194505
NapaR_Helena,6/30/1945,6.42,napar_helena194506
NapaR_Helena,7/31/1945,3.02,napar_helena194507
NapaR_Helena,8/31/1945,1.26,napar_helena194508
NapaR_Helena,9/30/1945,1.06,napar_helena194509
NapaR_Helena,10/31/1945,1.29,napar_helena194510
NapaR_Helena,11/30/1945,42.5,napar_helena194511
NapaR_Helena,12/31/1945,479.1,napar_helena194512
NapaR_Helena,1/31/1946,152.2,napar_helena194601
NapaR_Helena,2/28/1946,49.1,napar_helena194602
NapaR_Helena,3/31/1946,44.2,napar_helena194603
NapaR_Helena,4/30/1946,40.8,napar_helena194604
NapaR_Helena,5/31/1946,12.1,napar_helena194605
NapaR_Helena,6/30/1946,4.26,napar_helena194606
NapaR_Helena,7/31/1946,1.63,napar_helena194607
NapaR_Helena,8/31/1946,0.916,napar_helena194608
NapaR_Helena,9/30/1946,0.46,napar_helena194609
NapaR_Helena,10/31/1946,0.523,napar_helena194610
NapaR_Helena,11/30/1946,11.8,napar_helena194611
NapaR_Helena,12/31/1946,42.8,napar_helena194612
NapaR_Helena,1/31/1947,7.71,napar_helena194701
NapaR_Helena,2/28/1947,115.7,napar_helena194702
NapaR_Helena,3/31/1947,133.4,napar_helena194703
NapaR_Helena,4/30/1947,43.6,napar_helena194704
NapaR_Helena,5/31/1947,9.3,napar_helena194705
NapaR_Helena,6/30/1947,4.13,napar_helena194706
NapaR_Helena,7/31/1947,0.958,napar_helena194707
NapaR_Helena,8/31/1947,0.719,napar_helena194708
NapaR_Helena,9/30/1947,0.243,napar_helena194709
NapaR_Helena,10/31/1947,3.25,napar_helena194710
NapaR_Helena,11/30/1947,4.5,napar_helena194711
NapaR_Helena,12/31/1947,4.77,napar_helena194712
NapaR_Helena,1/31/1948,53,napar_helena194801
NapaR_Helena,2/29/1948,10.4,napar_helena194802
NapaR_Helena,3/31/1948,87.5,napar_helena194803
NapaR_Helena,4/30/1948,227.8,napar_helena194804
NapaR_Helena,5/31/1948,60.6,napar_helena194805
NapaR_Helena,6/30/1948,15.3,napar_helena194806
NapaR_Helena,7/31/1948,4.09,napar_helena194807
NapaR_Helena,8/31/1948,1.79,napar_helena194808
NapaR_Helena,9/30/1948,0.843,napar_helena194809
NapaR_Helena,10/31/1948,0.694,napar_helena194810
NapaR_Helena,11/30/1948,1.64,napar_helena194811
NapaR_Helena,12/31/1948,23.9,napar_helena194812
NapaR_Helena,1/31/1949,28.7,napar_helena194901
NapaR_Helena,2/28/1949,107.1,napar_helena194902
NapaR_Helena,3/31/1949,388,napar_helena194903
NapaR_Helena,4/30/1949,34.5,napar_helena194904
NapaR_Helena,5/31/1949,12.7,napar_helena194905
NapaR_Helena,6/30/1949,3.04,napar_helena194906
NapaR_Helena,7/31/1949,1.94,napar_helena194907
NapaR_Helena,8/31/1949,1.22,napar_helena194908
NapaR_Helena,9/30/1949,0.527,napar_helena194909
NapaR_Helena,10/31/1949,0.371,napar_helena194910
NapaR_Helena,11/30/1949,0.627,napar_helena194911
NapaR_Helena,12/31/1949,3.42,napar_helena194912
NapaR_Helena,1/31/1950,205.4,napar_helena195001
NapaR_Helena,2/28/1950,359.4,napar_helena195002
NapaR_Helena,3/31/1950,91,napar_helena195003
NapaR_Helena,4/30/1950,48.5,napar_helena195004
NapaR_Helena,5/31/1950,13.9,napar_helena195005
NapaR_Helena,6/30/1950,4.45,napar_helena195006
NapaR_Helena,7/31/1950,1.32,napar_helena195007
NapaR_Helena,8/31/1950,0.871,napar_helena195008
NapaR_Helena,9/30/1950,0.51,napar_helena195009
NapaR_Helena,10/31/1950,2.27,napar_helena195010
NapaR_Helena,11/30/1950,137.3,napar_helena195011
NapaR_Helena,12/31/1950,450.4,napar_helena195012
NapaR_Helena,1/31/1951,384.8,napar_helena195101
NapaR_Helena,2/28/1951,175,napar_helena195102
NapaR_Helena,3/31/1951,120.6,napar_helena195103
NapaR_Helena,4/30/1951,24.5,napar_helena195104
NapaR_Helena,5/31/1951,21.5,napar_helena195105
NapaR_Helena,6/30/1951,6.23,napar_helena195106
NapaR_Helena,7/31/1951,2.75,napar_helena195107
NapaR_Helena,8/31/1951,1.31,napar_helena195108
NapaR_Helena,9/30/1951,0.893,napar_helena195109
NapaR_Helena,10/31/1951,1.1,napar_helena195110
NapaR_Helena,11/30/1951,22.2,napar_helena195111
NapaR_Helena,12/31/1951,360.7,napar_helena195112
NapaR_Helena,1/31/1952,770.6,napar_helena195201
NapaR_Helena,2/29/1952,310.1,napar_helena195202
NapaR_Helena,3/31/1952,263.5,napar_helena195203
NapaR_Helena,4/30/1952,46.2,napar_helena195204
NapaR_Helena,5/31/1952,16.9,napar_helena195205
NapaR_Helena,6/30/1952,6.29,napar_helena195206
NapaR_Helena,7/31/1952,2.73,napar_helena195207
NapaR_Helena,8/31/1952,1.38,napar_helena195208
NapaR_Helena,9/30/1952,0.993,napar_helena195209
NapaR_Helena,10/31/1952,0.568,napar_helena195210
NapaR_Helena,11/30/1952,1.82,napar_helena195211
NapaR_Helena,12/31/1952,445.8,napar_helena195212
NapaR_Helena,1/31/1953,618,napar_helena195301
NapaR_Helena,2/28/1953,47.6,napar_helena195302
NapaR_Helena,3/31/1953,115.7,napar_helena195303
NapaR_Helena,4/30/1953,67.7,napar_helena195304
NapaR_Helena,5/31/1953,35,napar_helena195305
NapaR_Helena,6/30/1953,11.6,napar_helena195306
NapaR_Helena,7/31/1953,3.34,napar_helena195307
NapaR_Helena,8/31/1953,1.69,napar_helena195308
NapaR_Helena,9/30/1953,1.31,napar_helena195309
NapaR_Helena,10/31/1953,2,napar_helena195310
NapaR_Helena,11/30/1953,12.9,napar_helena195311
NapaR_Helena,12/31/1953,9.76,napar_helena195312
NapaR_Helena,1/31/1954,284.8,napar_helena195401
NapaR_Helena,2/28/1954,316.5,napar_helena195402
NapaR_Helena,3/31/1954,197.5,napar_helena195403
NapaR_Helena,4/30/1954,185,napar_helena195404
NapaR_Helena,5/31/1954,23.8,napar_helena195405
NapaR_Helena,6/30/1954,6.96,napar_helena195406
NapaR_Helena,7/31/1954,1.92,napar_helena195407
NapaR_Helena,8/31/1954,1.31,napar_helena195408
NapaR_Helena,9/30/1954,0.333,napar_helena195409
NapaR_Helena,10/31/1954,0.484,napar_helena195410
NapaR_Helena,11/30/1954,23.5,napar_helena195411
NapaR_Helena,12/31/1954,60.3,napar_helena195412
NapaR_Helena,1/31/1955,86.8,napar_helena195501
NapaR_Helena,2/28/1955,39.5,napar_helena195502
NapaR_Helena,3/31/1955,24.9,napar_helena195503
NapaR_Helena,4/30/1955,41.4,napar_helena195504
NapaR_Helena,5/31/1955,16.8,napar_helena195505
NapaR_Helena,6/30/1955,4.08,napar_helena195506
NapaR_Helena,7/31/1955,0.948,napar_helena195507
NapaR_Helena,8/31/1955,0.223,napar_helena195508
NapaR_Helena,9/30/1955,0.047,napar_helena195509
NapaR_Helena,10/31/1955,0.077,napar_helena195510
NapaR_Helena,11/30/1955,0.783,napar_helena195511
NapaR_Helena,12/31/1955,1088,napar_helena195512
NapaR_Helena,1/31/1956,847.6,napar_helena195601
NapaR_Helena,2/29/1956,728.8,napar_helena195602
NapaR_Helena,3/31/1956,92.4,napar_helena195603
NapaR_Helena,4/30/1956,31.7,napar_helena195604
NapaR_Helena,5/31/1956,24.8,napar_helena195605
NapaR_Helena,6/30/1956,6.05,napar_helena195606
NapaR_Helena,7/31/1956,1.65,napar_helena195607
NapaR_Helena,8/31/1956,0.877,napar_helena195608
NapaR_Helena,9/30/1956,0.117,napar_helena195609
NapaR_Helena,10/31/1956,2.75,napar_helena195610
NapaR_Helena,11/30/1956,3.13,napar_helena195611
NapaR_Helena,12/31/1956,3.64,napar_helena195612
NapaR_Helena,1/31/1957,21.5,napar_helena195701
NapaR_Helena,2/28/1957,220.3,napar_helena195702
NapaR_Helena,3/31/1957,144.5,napar_helena195703
NapaR_Helena,4/30/1957,39,napar_helena195704
NapaR_Helena,5/31/1957,75.3,napar_helena195705
NapaR_Helena,6/30/1957,14.6,napar_helena195706
NapaR_Helena,7/31/1957,2.44,napar_helena195707
NapaR_Helena,8/31/1957,0.842,napar_helena195708
NapaR_Helena,9/30/1957,0.643,napar_helena195709
NapaR_Helena,10/31/1957,22.3,napar_helena195710
NapaR_Helena,11/30/1957,14.5,napar_helena195711
NapaR_Helena,12/31/1957,82.8,napar_helena195712
NapaR_Helena,1/31/1958,293.8,napar_helena195801
NapaR_Helena,2/28/1958,1107,napar_helena195802
NapaR_Helena,3/31/1958,378.3,napar_helena195803
NapaR_Helena,4/30/1958,490.7,napar_helena195804
NapaR_Helena,5/31/1958,29.7,napar_helena195805
NapaR_Helena,6/30/1958,11.4,napar_helena195806
NapaR_Helena,7/31/1958,4.29,napar_helena195807
NapaR_Helena,8/31/1958,1.73,napar_helena195808
NapaR_Helena,9/30/1958,0.887,napar_helena195809
NapaR_Helena,10/31/1958,1.04,napar_helena195810
NapaR_Helena,11/30/1958,1.74,napar_helena195811
NapaR_Helena,12/31/1958,2.78,napar_helena195812
NapaR_Helena,1/31/1959,77.5,napar_helena195901
NapaR_Helena,2/28/1959,274.3,napar_helena195902
NapaR_Helena,3/31/1959,39.2,napar_helena195903
NapaR_Helena,4/30/1959,14.9,napar_helena195904
NapaR_Helena,5/31/1959,5.46,napar_helena195905
NapaR_Helena,6/30/1959,0.9,napar_helena195906
NapaR_Helena,7/31/1959,0.135,napar_helena195907
NapaR_Helena,8/31/1959,0.029,napar_helena195908
NapaR_Helena,9/30/1959,1.11,napar_helena195909
NapaR_Helena,10/31/1959,0.574,napar_helena195910
NapaR_Helena,11/30/1959,0.937,napar_helena195911
NapaR_Helena,12/31/1959,2.1,napar_helena195912
NapaR_Helena,1/31/1960,28.3,napar_helena196001
NapaR_Helena,2/29/1960,456.3,napar_helena196002
NapaR_Helena,3/31/1960,186.4,napar_helena196003
NapaR_Helena,4/30/1960,37.6,napar_helena196004
NapaR_Helena,5/31/1960,13.2,napar_helena196005
NapaR_Helena,6/30/1960,2.97,napar_helena196006
NapaR_Helena,7/31/1960,0.655,napar_helena196007
NapaR_Helena,8/31/1960,0.187,napar_helena196008
NapaR_Helena,9/30/1960,0.463,napar_helena196009
NapaR_Helena,10/31/1960,0.332,napar_helena196010
NapaR_Helena,11/30/1960,3,napar_helena196011
NapaR_Helena,12/31/1960,28.5,napar_helena196012
NapaR_Helena,1/31/1961,71.9,napar_helena196101
NapaR_Helena,2/28/1961,182.9,napar_helena196102
NapaR_Helena,3/31/1961,116.4,napar_helena196103
NapaR_Helena,4/30/1961,41.7,napar_helena196104
NapaR_Helena,5/31/1961,12.6,napar_helena196105
NapaR_Helena,6/30/1961,3.94,napar_helena196106
NapaR_Helena,7/31/1961,0.548,napar_helena196107
NapaR_Helena,8/31/1961,0.355,napar_helena196108
NapaR_Helena,9/30/1961,0.373,napar_helena196109
NapaR_Helena,10/31/1961,0.229,napar_helena196110
NapaR_Helena,11/30/1961,4.37,napar_helena196111
NapaR_Helena,12/31/1961,34.6,napar_helena196112
NapaR_Helena,1/31/1962,31.2,napar_helena196201
NapaR_Helena,2/28/1962,509.1,napar_helena196202
NapaR_Helena,3/31/1962,229.7,napar_helena196203
NapaR_Helena,4/30/1962,32.4,napar_helena196204
NapaR_Helena,5/31/1962,10.3,napar_helena196205
NapaR_Helena,6/30/1962,2.79,napar_helena196206
NapaR_Helena,7/31/1962,1.11,napar_helena196207
NapaR_Helena,8/31/1962,0.587,napar_helena196208
NapaR_Helena,9/30/1962,0.063,napar_helena196209
NapaR_Helena,10/31/1962,178.9,napar_helena196210
NapaR_Helena,11/30/1962,13.9,napar_helena196211
NapaR_Helena,12/31/1962,143.6,napar_helena196212
NapaR_Helena,1/31/1963,321.4,napar_helena196301
NapaR_Helena,2/28/1963,393.6,napar_helena196302
NapaR_Helena,3/31/1963,162.2,napar_helena196303
NapaR_Helena,4/30/1963,367.2,napar_helena196304
NapaR_Helena,5/31/1963,45.9,napar_helena196305
NapaR_Helena,6/30/1963,14.1,napar_helena196306
NapaR_Helena,7/31/1963,4.32,napar_helena196307
NapaR_Helena,8/31/1963,2.55,napar_helena196308
NapaR_Helena,9/30/1963,1.17,napar_helena196309
NapaR_Helena,10/31/1963,3.01,napar_helena196310
NapaR_Helena,11/30/1963,75.3,napar_helena196311
NapaR_Helena,12/31/1963,18.8,napar_helena196312
NapaR_Helena,1/31/1964,168.3,napar_helena196401
NapaR_Helena,2/29/1964,32.8,napar_helena196402
NapaR_Helena,3/31/1964,22.2,napar_helena196403
NapaR_Helena,4/30/1964,10.5,napar_helena196404
NapaR_Helena,5/31/1964,5.02,napar_helena196405
NapaR_Helena,6/30/1964,2.37,napar_helena196406
NapaR_Helena,7/31/1964,0.461,napar_helena196407
NapaR_Helena,8/31/1964,0.306,napar_helena196408
NapaR_Helena,9/30/1964,0.237,napar_helena196409
NapaR_Helena,10/31/1964,1.04,napar_helena196410
NapaR_Helena,11/30/1964,40.7,napar_helena196411
NapaR_Helena,12/31/1964,685.7,napar_helena196412
NapaR_Helena,1/31/1965,607.6,napar_helena196501
NapaR_Helena,2/28/1965,67.6,napar_helena196502
NapaR_Helena,3/31/1965,24.9,napar_helena196503
NapaR_Helena,4/30/1965,148.1,napar_helena196504
NapaR_Helena,5/31/1965,27.5,napar_helena196505
NapaR_Helena,6/30/1965,8.48,napar_helena196506
NapaR_Helena,7/31/1965,2.56,napar_helena196507
NapaR_Helena,8/31/1965,1.8,napar_helena196508
NapaR_Helena,9/30/1965,1.42,napar_helena196509
NapaR_Helena,10/31/1965,1.44,napar_helena196510
NapaR_Helena,11/30/1965,33.3,napar_helena196511
NapaR_Helena,12/31/1965,86.8,napar_helena196512
NapaR_Helena,1/31/1966,457.7,napar_helena196601
NapaR_Helena,2/28/1966,198.9,napar_helena196602
NapaR_Helena,3/31/1966,62.3,napar_helena196603
NapaR_Helena,4/30/1966,27.5,napar_helena196604
NapaR_Helena,5/31/1966,11.5,napar_helena196605
NapaR_Helena,6/30/1966,4.07,napar_helena196606
NapaR_Helena,7/31/1966,1.42,napar_helena196607
NapaR_Helena,8/31/1966,0.371,napar_helena196608
NapaR_Helena,9/30/1966,0.803,napar_helena196609
NapaR_Helena,10/31/1966,1.13,napar_helena196610
NapaR_Helena,11/30/1966,68.4,napar_helena196611
NapaR_Helena,12/31/1966,352.6,napar_helena196612
NapaR_Helena,1/31/1967,753.2,napar_helena196701
NapaR_Helena,2/28/1967,158.3,napar_helena196702
NapaR_Helena,3/31/1967,234.6,napar_helena196703
NapaR_Helena,4/30/1967,317.2,napar_helena196704
NapaR_Helena,5/31/1967,53.9,napar_helena196705
NapaR_Helena,6/30/1967,27.3,napar_helena196706
NapaR_Helena,7/31/1967,6.47,napar_helena196707
NapaR_Helena,8/31/1967,2.6,napar_helena196708
NapaR_Helena,9/30/1967,1.54,napar_helena196709
NapaR_Helena,10/31/1967,2.09,napar_helena196710
NapaR_Helena,11/30/1967,6.23,napar_helena196711
NapaR_Helena,12/31/1967,32.5,napar_helena196712
NapaR_Helena,1/31/1968,257.1,napar_helena196801
NapaR_Helena,2/29/1968,267.8,napar_helena196802
NapaR_Helena,3/31/1968,170.7,napar_helena196803
NapaR_Helena,4/30/1968,27.6,napar_helena196804
NapaR_Helena,5/31/1968,10.7,napar_helena196805
NapaR_Helena,6/30/1968,3.02,napar_helena196806
NapaR_Helena,7/31/1968,0.748,napar_helena196807
NapaR_Helena,8/31/1968,1.63,napar_helena196808
NapaR_Helena,9/30/1968,1.13,napar_helena196809
NapaR_Helena,10/31/1968,1.77,napar_helena196810
NapaR_Helena,11/30/1968,4.59,napar_helena196811
NapaR_Helena,12/31/1968,239.1,napar_helena196812
NapaR_Helena,1/31/1969,905.7,napar_helena196901
NapaR_Helena,2/28/1969,696.6,napar_helena196902
NapaR_Helena,3/31/1969,192.6,napar_helena196903
NapaR_Helena,4/30/1969,52.3,napar_helena196904
NapaR_Helena,5/31/1969,19.1,napar_helena196905
NapaR_Helena,6/30/1969,7.43,napar_helena196906
NapaR_Helena,7/31/1969,2.91,napar_helena196907
NapaR_Helena,8/31/1969,2.09,napar_helena196908
NapaR_Helena,9/30/1969,1.31,napar_helena196909
NapaR_Helena,10/31/1969,3.94,napar_helena196910
NapaR_Helena,11/30/1969,4.76,napar_helena196911
NapaR_Helena,12/31/1969,354,napar_helena196912
NapaR_Helena,1/31/1970,1338,napar_helena197001
NapaR_Helena,2/28/1970,240.8,napar_helena197002
NapaR_Helena,3/31/1970,174.7,napar_helena197003
NapaR_Helena,4/30/1970,24,napar_helena197004
NapaR_Helena,5/31/1970,10.5,napar_helena197005
NapaR_Helena,6/30/1970,4.44,napar_helena197006
NapaR_Helena,7/31/1970,2.31,napar_helena197007
NapaR_Helena,8/31/1970,1.07,napar_helena197008
NapaR_Helena,9/30/1970,1.18,napar_helena197009
NapaR_Helena,10/31/1970,2.63,napar_helena197010
NapaR_Helena,11/30/1970,174.5,napar_helena197011
NapaR_Helena,12/31/1970,737.2,napar_helena197012
NapaR_Helena,1/31/1971,298.3,napar_helena197101
NapaR_Helena,2/28/1971,50.1,napar_helena197102
NapaR_Helena,3/31/1971,132.6,napar_helena197103
NapaR_Helena,4/30/1971,47.9,napar_helena197104
NapaR_Helena,5/31/1971,18,napar_helena197105
NapaR_Helena,6/30/1971,7.23,napar_helena197106
NapaR_Helena,7/31/1971,2.41,napar_helena197107
NapaR_Helena,8/31/1971,1.24,napar_helena197108
NapaR_Helena,9/30/1971,0.731,napar_helena197109
NapaR_Helena,10/31/1971,0.726,napar_helena197110
NapaR_Helena,11/30/1971,3.04,napar_helena197111
NapaR_Helena,12/31/1971,47.9,napar_helena197112
NapaR_Helena,1/31/1972,53.3,napar_helena197201
NapaR_Helena,2/29/1972,98.4,napar_helena197202
NapaR_Helena,3/31/1972,38.5,napar_helena197203
NapaR_Helena,4/30/1972,20.8,napar_helena197204
NapaR_Helena,5/31/1972,9.11,napar_helena197205
NapaR_Helena,6/30/1972,3.18,napar_helena197206
NapaR_Helena,7/31/1972,1.13,napar_helena197207
NapaR_Helena,8/31/1972,0.325,napar_helena197208
NapaR_Helena,9/30/1972,0.52,napar_helena197209
NapaR_Helena,10/31/1972,7.14,napar_helena197210
NapaR_Helena,11/30/1972,64.4,napar_helena197211
NapaR_Helena,12/31/1972,104,napar_helena197212
NapaR_Helena,1/31/1973,690.9,napar_helena197301
NapaR_Helena,2/28/1973,470.6,napar_helena197302
NapaR_Helena,3/31/1973,205.6,napar_helena197303
NapaR_Helena,4/30/1973,39.1,napar_helena197304
NapaR_Helena,5/31/1973,13.9,napar_helena197305
NapaR_Helena,6/30/1973,5.95,napar_helena197306
NapaR_Helena,7/31/1973,2.44,napar_helena197307
NapaR_Helena,8/31/1973,0.767,napar_helena197308
NapaR_Helena,9/30/1973,1.07,napar_helena197309
NapaR_Helena,10/31/1973,8.48,napar_helena197310
NapaR_Helena,11/30/1973,414.5,napar_helena197311
NapaR_Helena,12/31/1973,279.6,napar_helena197312
NapaR_Helena,1/31/1974,474.8,napar_helena197401
NapaR_Helena,2/28/1974,158.9,napar_helena197402
NapaR_Helena,3/31/1974,556.4,napar_helena197403
NapaR_Helena,4/30/1974,219.5,napar_helena197404
NapaR_Helena,5/31/1974,24.6,napar_helena197405
NapaR_Helena,6/30/1974,10.1,napar_helena197406
NapaR_Helena,7/31/1974,5.75,napar_helena197407
NapaR_Helena,8/31/1974,3.1,napar_helena197408
NapaR_Helena,9/30/1974,2.92,napar_helena197409
NapaR_Helena,10/31/1974,2.99,napar_helena197410
NapaR_Helena,11/30/1974,3.84,napar_helena197411
NapaR_Helena,12/31/1974,16.3,napar_helena197412
NapaR_Helena,1/31/1975,25.5,napar_helena197501
NapaR_Helena,2/28/1975,541.7,napar_helena197502
NapaR_Helena,3/31/1975,486.9,napar_helena197503
NapaR_Helena,4/30/1975,79.6,napar_helena197504
NapaR_Helena,5/31/1975,24.4,napar_helena197505
NapaR_Helena,6/30/1975,8.08,napar_helena197506
NapaR_Helena,7/31/1975,3.88,napar_helena197507
NapaR_Helena,8/31/1975,1.84,napar_helena197508
NapaR_Helena,9/30/1975,1.9,napar_helena197509
NapaR_Helena,10/31/1975,5.68,napar_helena197510
NapaR_Helena,11/30/1975,7.78,napar_helena197511
NapaR_Helena,12/31/1975,6.37,napar_helena197512
NapaR_Helena,1/31/1976,6.45,napar_helena197601
NapaR_Helena,2/29/1976,7.53,napar_helena197602
NapaR_Helena,3/31/1976,10.3,napar_helena197603
NapaR_Helena,4/30/1976,11.4,napar_helena197604
NapaR_Helena,5/31/1976,3.49,napar_helena197605
NapaR_Helena,6/30/1976,1.17,napar_helena197606
NapaR_Helena,7/31/1976,0.013,napar_helena197607
NapaR_Helena,8/31/1976,0.007,napar_helena197608
NapaR_Helena,9/30/1976,0.213,napar_helena197609
NapaR_Helena,10/31/1976,0.491,napar_helena197610
NapaR_Helena,11/30/1976,1.74,napar_helena197611
NapaR_Helena,12/31/1976,2.43,napar_helena197612
NapaR_Helena,1/31/1977,3.73,napar_helena197701
NapaR_Helena,2/28/1977,4.34,napar_helena197702
NapaR_Helena,3/31/1977,7.45,napar_helena197703
NapaR_Helena,4/30/1977,1.81,napar_helena197704
NapaR_Helena,5/31/1977,0.89,napar_helena197705
NapaR_Helena,6/30/1977,0.081,napar_helena197706
NapaR_Helena,7/31/1977,0,napar_helena197707
NapaR_Helena,8/31/1977,0,napar_helena197708
NapaR_Helena,9/30/1977,0,napar_helena197709
NapaR_Helena,10/31/1977,0,napar_helena197710
NapaR_Helena,11/30/1977,39.9,napar_helena197711
NapaR_Helena,12/31/1977,145.7,napar_helena197712
NapaR_Helena,1/31/1978,755.5,napar_helena197801
NapaR_Helena,2/28/1978,429.3,napar_helena197802
NapaR_Helena,3/31/1978,294.1,napar_helena197803
NapaR_Helena,4/30/1978,90.5,napar_helena197804
NapaR_Helena,5/31/1978,26.2,napar_helena197805
NapaR_Helena,6/30/1978,8.29,napar_helena197806
NapaR_Helena,7/31/1978,2.82,napar_helena197807
NapaR_Helena,8/31/1978,1.4,napar_helena197808
NapaR_Helena,9/30/1978,1.34,napar_helena197809
NapaR_Helena,10/31/1978,1.12,napar_helena197810
NapaR_Helena,11/30/1978,2.06,napar_helena197811
NapaR_Helena,12/31/1978,2.35,napar_helena197812
NapaR_Helena,1/31/1979,124.5,napar_helena197901
NapaR_Helena,2/28/1979,343.2,napar_helena197902
NapaR_Helena,3/31/1979,137.3,napar_helena197903
NapaR_Helena,4/30/1979,53.9,napar_helena197904
NapaR_Helena,5/31/1979,30.6,napar_helena197905
NapaR_Helena,6/30/1979,7.07,napar_helena197906
NapaR_Helena,7/31/1979,2.65,napar_helena197907
NapaR_Helena,8/31/1979,1.37,napar_helena197908
NapaR_Helena,9/30/1979,0.656,napar_helena197909
NapaR_Helena,10/31/1979,7.16,napar_helena197910
NapaR_Helena,11/30/1979,14.2,napar_helena197911
NapaR_Helena,12/31/1979,124,napar_helena197912
NapaR_Helena,1/31/1980,564.1,napar_helena198001
NapaR_Helena,2/29/1980,619.2,napar_helena198002
NapaR_Helena,3/31/1980,179.6,napar_helena198003
NapaR_Helena,4/30/1980,40.9,napar_helena198004
NapaR_Helena,5/31/1980,17.2,napar_helena198005
NapaR_Helena,6/30/1980,6.53,napar_helena198006
NapaR_Helena,7/31/1980,2.2,napar_helena198007
NapaR_Helena,8/31/1980,1.06,napar_helena198008
NapaR_Helena,9/30/1980,0.839,napar_helena198009
NapaR_Helena,10/31/1980,1.04,napar_helena198010
NapaR_Helena,11/30/1980,1.76,napar_helena198011
NapaR_Helena,12/31/1980,50.6,napar_helena198012
NapaR_Helena,1/31/1981,232.6,napar_helena198101
NapaR_Helena,2/28/1981,111.6,napar_helena198102
NapaR_Helena,3/31/1981,120.1,napar_helena198103
NapaR_Helena,4/30/1981,40.5,napar_helena198104
NapaR_Helena,5/31/1981,12.6,napar_helena198105
NapaR_Helena,6/30/1981,2.95,napar_helena198106
NapaR_Helena,7/31/1981,0.755,napar_helena198107
NapaR_Helena,8/31/1981,0.806,napar_helena198108
NapaR_Helena,9/30/1981,0.444,napar_helena198109
NapaR_Helena,10/31/1981,3.17,napar_helena198110
NapaR_Helena,11/30/1981,222.5,napar_helena198111
NapaR_Helena,12/31/1981,598.4,napar_helena198112
NapaR_Helena,1/31/1982,477.7,napar_helena198201
NapaR_Helena,2/28/1982,444.1,napar_helena198202
NapaR_Helena,3/31/1982,329.4,napar_helena198203
NapaR_Helena,4/30/1982,583.9,napar_helena198204
NapaR_Helena,5/31/1982,38.8,napar_helena198205
NapaR_Helena,6/30/1982,14.4,napar_helena198206
NapaR_Helena,7/31/1982,5.85,napar_helena198207
NapaR_Helena,8/31/1982,2.81,napar_helena198208
NapaR_Helena,9/30/1982,6.44,napar_helena198209
NapaR_Helena,10/31/1982,8.62,napar_helena198210
NapaR_Helena,11/30/1982,155.7,napar_helena198211
NapaR_Helena,12/31/1982,283,napar_helena198212
NapaR_Helena,1/31/1983,540.6,napar_helena198301
NapaR_Helena,2/28/1983,867.4,napar_helena198302
NapaR_Helena,3/31/1983,1144,napar_helena198303
NapaR_Helena,4/30/1983,145.8,napar_helena198304
NapaR_Helena,5/31/1983,93,napar_helena198305
NapaR_Helena,6/30/1983,19.5,napar_helena198306
NapaR_Helena,7/31/1983,7.33,napar_helena198307
NapaR_Helena,8/31/1983,3.43,napar_helena198308
NapaR_Helena,9/30/1983,2.35,napar_helena198309
NapaR_Helena,10/31/1983,3.43,napar_helena198310
NapaR_Helena,11/30/1983,297.8,napar_helena198311
NapaR_Helena,12/31/1983,757.9,napar_helena198312
NapaR_Helena,1/31/1984,121.7,napar_helena198401
NapaR_Helena,2/29/1984,85.9,napar_helena198402
NapaR_Helena,3/31/1984,84.8,napar_helena198403
NapaR_Helena,4/30/1984,32.9,napar_helena198404
NapaR_Helena,5/31/1984,13.4,napar_helena198405
NapaR_Helena,6/30/1984,7.29,napar_helena198406
NapaR_Helena,7/31/1984,2.83,napar_helena198407
NapaR_Helena,8/31/1984,3.45,napar_helena198408
NapaR_Helena,9/30/1984,1.08,napar_helena198409
NapaR_Helena,10/31/1984,3.14,napar_helena198410
NapaR_Helena,11/30/1984,125,napar_helena198411
NapaR_Helena,12/31/1984,70.1,napar_helena198412
NapaR_Helena,1/31/1985,42.5,napar_helena198501
NapaR_Helena,2/28/1985,219,napar_helena198502
NapaR_Helena,3/31/1985,100.9,napar_helena198503
NapaR_Helena,4/30/1985,45.9,napar_helena198504
NapaR_Helena,5/31/1985,13,napar_helena198505
NapaR_Helena,6/30/1985,6.28,napar_helena198506
NapaR_Helena,7/31/1985,0.745,napar_helena198507
NapaR_Helena,8/31/1985,0.984,napar_helena198508
NapaR_Helena,9/30/1985,1.67,napar_helena198509
NapaR_Helena,10/31/1985,1.67,napar_helena198510
NapaR_Helena,11/30/1985,6.4,napar_helena198511
NapaR_Helena,12/31/1985,30.6,napar_helena198512
NapaR_Helena,1/31/1986,136,napar_helena198601
NapaR_Helena,2/28/1986,1798,napar_helena198602
NapaR_Helena,3/31/1986,442.5,napar_helena198603
NapaR_Helena,4/30/1986,44.8,napar_helena198604
NapaR_Helena,5/31/1986,19.9,napar_helena198605
NapaR_Helena,6/30/1986,7.72,napar_helena198606
NapaR_Helena,7/31/1986,3.55,napar_helena198607
NapaR_Helena,8/31/1986,1.57,napar_helena198608
NapaR_Helena,9/30/1986,2.71,napar_helena198609
NapaR_Helena,10/31/1986,2.18,napar_helena198610
NapaR_Helena,11/30/1986,2.22,napar_helena198611
NapaR_Helena,12/31/1986,3.7,napar_helena198612
NapaR_Helena,1/31/1987,14,napar_helena198701
NapaR_Helena,2/28/1987,117.3,napar_helena198702
NapaR_Helena,3/31/1987,136.3,napar_helena198703
NapaR_Helena,4/30/1987,24.3,napar_helena198704
NapaR_Helena,5/31/1987,7.92,napar_helena198705
NapaR_Helena,6/30/1987,2.76,napar_helena198706
NapaR_Helena,7/31/1987,0.796,napar_helena198707
NapaR_Helena,8/31/1987,0.395,napar_helena198708
NapaR_Helena,9/30/1987,0.199,napar_helena198709
NapaR_Helena,10/31/1987,0.805,napar_helena198710
NapaR_Helena,11/30/1987,4.26,napar_helena198711
NapaR_Helena,12/31/1987,151.7,napar_helena198712
NapaR_Helena,1/31/1988,253.3,napar_helena198801
NapaR_Helena,2/29/1988,39.2,napar_helena198802
NapaR_Helena,3/31/1988,14.1,napar_helena198803
NapaR_Helena,4/30/1988,12.1,napar_helena198804
NapaR_Helena,5/31/1988,9.12,napar_helena198805
NapaR_Helena,6/30/1988,4.86,napar_helena198806
NapaR_Helena,7/31/1988,1.05,napar_helena198807
NapaR_Helena,8/31/1988,0.536,napar_helena198808
NapaR_Helena,9/30/1988,0.378,napar_helena198809
NapaR_Helena,10/31/1988,0.459,napar_helena198810
NapaR_Helena,11/30/1988,21.6,napar_helena198811
NapaR_Helena,12/31/1988,33.2,napar_helena198812
NapaR_Helena,1/31/1989,24.3,napar_helena198901
NapaR_Helena,2/28/1989,12.5,napar_helena198902
NapaR_Helena,3/31/1989,378.4,napar_helena198903
NapaR_Helena,4/30/1989,42.1,napar_helena198904
NapaR_Helena,5/31/1989,13.9,napar_helena198905
NapaR_Helena,6/30/1989,5.64,napar_helena198906
NapaR_Helena,7/31/1989,1.52,napar_helena198907
NapaR_Helena,8/31/1989,0.579,napar_helena198908
NapaR_Helena,9/30/1989,0.773,napar_helena198909
NapaR_Helena,10/31/1989,6.58,napar_helena198910
NapaR_Helena,11/30/1989,8.2,napar_helena198911
NapaR_Helena,12/31/1989,4.69,napar_helena198912
NapaR_Helena,1/31/1990,72.8,napar_helena199001
NapaR_Helena,2/28/1990,98.3,napar_helena199002
NapaR_Helena,3/31/1990,38,napar_helena199003
NapaR_Helena,4/30/1990,12.8,napar_helena199004
NapaR_Helena,5/31/1990,27.1,napar_helena199005
NapaR_Helena,6/30/1990,14.1,napar_helena199006
NapaR_Helena,7/31/1990,3.21,napar_helena199007
NapaR_Helena,8/31/1990,0.88,napar_helena199008
NapaR_Helena,9/30/1990,0.493,napar_helena199009
NapaR_Helena,10/31/1990,0.799,napar_helena199010
NapaR_Helena,11/30/1990,1.55,napar_helena199011
NapaR_Helena,12/31/1990,2.24,napar_helena199012
NapaR_Helena,1/31/1991,2.17,napar_helena199101
NapaR_Helena,2/28/1991,8.55,napar_helena199102
NapaR_Helena,3/31/1991,484.8,napar_helena199103
NapaR_Helena,4/30/1991,46.7,napar_helena199104
NapaR_Helena,5/31/1991,15.5,napar_helena199105
NapaR_Helena,6/30/1991,4.66,napar_helena199106
NapaR_Helena,7/31/1991,1.98,napar_helena199107
NapaR_Helena,8/31/1991,0.725,napar_helena199108
NapaR_Helena,9/30/1991,0.338,napar_helena199109
NapaR_Helena,10/31/1991,1.12,napar_helena199110
NapaR_Helena,11/30/1991,1.99,napar_helena199111
NapaR_Helena,12/31/1991,5.51,napar_helena199112
NapaR_Helena,1/31/1992,9.25,napar_helena199201
NapaR_Helena,2/29/1992,229.7,napar_helena199202
NapaR_Helena,3/31/1992,136.8,napar_helena199203
NapaR_Helena,4/30/1992,33.6,napar_helena199204
NapaR_Helena,5/31/1992,11.9,napar_helena199205
NapaR_Helena,6/30/1992,4.24,napar_helena199206
NapaR_Helena,7/31/1992,1.88,napar_helena199207
NapaR_Helena,8/31/1992,0.448,napar_helena199208
NapaR_Helena,9/30/1992,0.19,napar_helena199209
NapaR_Helena,10/31/1992,2.02,napar_helena199210
NapaR_Helena,11/30/1992,2.18,napar_helena199211
NapaR_Helena,12/31/1992,135.2,napar_helena199212
NapaR_Helena,1/31/1993,779.9,napar_helena199301
NapaR_Helena,2/28/1993,398.4,napar_helena199302
NapaR_Helena,3/31/1993,105.8,napar_helena199303
NapaR_Helena,4/30/1993,48.3,napar_helena199304
NapaR_Helena,5/31/1993,21.1,napar_helena199305
NapaR_Helena,6/30/1993,15.6,napar_helena199306
NapaR_Helena,7/31/1993,3.29,napar_helena199307
NapaR_Helena,8/31/1993,0.965,napar_helena199308
NapaR_Helena,9/30/1993,0.411,napar_helena199309
NapaR_Helena,10/31/1993,0.488,napar_helena199310
NapaR_Helena,11/30/1993,3.05,napar_helena199311
NapaR_Helena,12/31/1993,42.3,napar_helena199312
NapaR_Helena,1/31/1994,35.3,napar_helena199401
NapaR_Helena,2/28/1994,144.2,napar_helena199402
NapaR_Helena,3/31/1994,31.2,napar_helena199403
NapaR_Helena,4/30/1994,14.1,napar_helena199404
NapaR_Helena,5/31/1994,8.79,napar_helena199405
NapaR_Helena,6/30/1994,2.86,napar_helena199406
NapaR_Helena,7/31/1994,0.532,napar_helena199407
NapaR_Helena,8/31/1994,0.231,napar_helena199408
NapaR_Helena,9/30/1994,0.051,napar_helena199409
NapaR_Helena,10/31/1994,0.071,napar_helena199410
NapaR_Helena,11/30/1994,10.6,napar_helena199411
NapaR_Helena,12/31/1994,48.1,napar_helena199412
NapaR_Helena,1/31/1995,1186,napar_helena199501
NapaR_Helena,2/28/1995,148.3,napar_helena199502
NapaR_Helena,3/31/1995,929.4,napar_helena199503
NapaR_Helena,4/30/1995,108.3,napar_helena199504
NapaR_Helena,5/31/1995,104.7,napar_helena199505
NapaR_Helena,6/30/1995,20,napar_helena199506
NapaR_Helena,6/30/2000,7.68,napar_helena200006
NapaR_Helena,7/31/2000,2.92,napar_helena200007
NapaR_Helena,8/31/2000,0.782,napar_helena200008
NapaR_Helena,9/30/2000,0.444,napar_helena200009
NapaR_Helena,10/31/2000,3.51,napar_helena200010
NapaR_Helena,11/30/2000,5.01,napar_helena200011
NapaR_Helena,12/31/2000,5.43,napar_helena200012
NapaR_Helena,1/31/2001,48.6,napar_helena200101
NapaR_Helena,2/28/2001,229.8,napar_helena200102
NapaR_Helena,3/31/2001,164.4,napar_helena200103
NapaR_Helena,4/30/2001,20.8,napar_helena200104
NapaR_Helena,5/31/2001,8.27,napar_helena200105
NapaR_Helena,6/30/2001,1.97,napar_helena200106
NapaR_Helena,7/31/2001,0.468,napar_helena200107
NapaR_Helena,8/31/2001,0.402,napar_helena200108
NapaR_Helena,9/30/2001,0.214,napar_helena200109
NapaR_Helena,10/31/2001,0.176,napar_helena200110
NapaR_Helena,11/30/2001,38.3,napar_helena200111
NapaR_Helena,12/31/2001,481.6,napar_helena200112
NapaR_Helena,1/31/2002,332.5,napar_helena200201
NapaR_Helena,2/28/2002,79.2,napar_helena200202
NapaR_Helena,3/31/2002,97.9,napar_helena200203
NapaR_Helena,4/30/2002,31.4,napar_helena200204
NapaR_Helena,5/31/2002,13.9,napar_helena200205
NapaR_Helena,6/30/2002,3.85,napar_helena200206
NapaR_Helena,7/31/2002,0.838,napar_helena200207
NapaR_Helena,8/31/2002,0.313,napar_helena200208
NapaR_Helena,9/30/2002,0.31,napar_helena200209
NapaR_Helena,10/31/2002,0.126,napar_helena200210
NapaR_Helena,11/30/2002,4.25,napar_helena200211
NapaR_Helena,12/31/2002,792.5,napar_helena200212
NapaR_Helena,1/31/2003,355.5,napar_helena200301
NapaR_Helena,2/28/2003,115.3,napar_helena200302
NapaR_Helena,3/31/2003,121,napar_helena200303
NapaR_Helena,4/30/2003,135.2,napar_helena200304
NapaR_Helena,5/31/2003,126.2,napar_helena200305
NapaR_Helena,6/30/2003,18.6,napar_helena200306
NapaR_Helena,7/31/2003,4.9,napar_helena200307
NapaR_Helena,8/31/2003,1.53,napar_helena200308
NapaR_Helena,9/30/2003,0.525,napar_helena200309
NapaR_Helena,10/31/2003,0.34,napar_helena200310
NapaR_Helena,11/30/2003,3.96,napar_helena200311
NapaR_Helena,12/31/2003,306,napar_helena200312
NapaR_Helena,1/31/2004,222.4,napar_helena200401
NapaR_Helena,2/29/2004,615.4,napar_helena200402
NapaR_Helena,3/31/2004,106.3,napar_helena200403
NapaR_Helena,4/30/2004,29.5,napar_helena200404
NapaR_Helena,5/31/2004,12.7,napar_helena200405
NapaR_Helena,6/30/2004,3.59,napar_helena200406
NapaR_Helena,7/31/2004,1.16,napar_helena200407
NapaR_Helena,8/31/2004,0.376,napar_helena200408
NapaR_Helena,9/30/2004,0.169,napar_helena200409
NapaR_Helena,10/31/2004,3.31,napar_helena200410
NapaR_Helena,11/30/2004,7.54,napar_helena200411
NapaR_Helena,12/31/2004,236.1,napar_helena200412
NapaR_Helena,1/31/2005,286.5,napar_helena200501
NapaR_Helena,2/28/2005,144.6,napar_helena200502
NapaR_Helena,3/31/2005,281.2,napar_helena200503
NapaR_Helena,4/30/2005,79,napar_helena200504
NapaR_Helena,5/31/2005,130.9,napar_helena200505
NapaR_Helena,6/30/2005,28.2,napar_helena200506
NapaR_Helena,7/31/2005,7.12,napar_helena200507
NapaR_Helena,8/31/2005,1.45,napar_helena200508
NapaR_Helena,9/30/2005,0.603,napar_helena200509
NapaR_Helena,10/31/2005,1.02,napar_helena200510
NapaR_Helena,11/30/2005,3.34,napar_helena200511
NapaR_Helena,12/31/2005,680.1,napar_helena200512
NapaR_Helena,1/31/2006,399.7,napar_helena200601
NapaR_Helena,2/28/2006,242.3,napar_helena200602
NapaR_Helena,3/31/2006,521.1,napar_helena200603
NapaR_Helena,4/30/2006,441.2,napar_helena200604
NapaR_Helena,5/31/2006,46.2,napar_helena200605
NapaR_Helena,6/30/2006,13.6,napar_helena200606
NapaR_Helena,7/31/2006,4,napar_helena200607
NapaR_Helena,8/31/2006,1.11,napar_helena200608
NapaR_Helena,9/30/2006,0.296,napar_helena200609
NapaR_Helena,10/31/2006,0.449,napar_helena200610
NapaR_Helena,11/30/2006,3.95,napar_helena200611
NapaR_Helena,12/31/2006,42.4,napar_helena200612
NapaR_Helena,1/31/2007,15.7,napar_helena200701
NapaR_Helena,2/28/2007,210.9,napar_helena200702
NapaR_Helena,3/31/2007,58,napar_helena200703
NapaR_Helena,4/30/2007,16.4,napar_helena200704
NapaR_Helena,5/31/2007,6.32,napar_helena200705
NapaR_Helena,6/30/2007,1.38,napar_helena200706
NapaR_Helena,7/31/2007,0.018,napar_helena200707
NapaR_Helena,8/31/2007,0,napar_helena200708
NapaR_Helena,9/30/2007,0,napar_helena200709
NapaR_Helena,10/31/2007,0.286,napar_helena200710
NapaR_Helena,11/30/2007,1.04,napar_helena200711
NapaR_Helena,12/31/2007,32.3,napar_helena200712
NapaR_Helena,1/31/2008,363.3,napar_helena200801
NapaR_Helena,2/29/2008,262.4,napar_helena200802
NapaR_Helena,3/31/2008,42.9,napar_helena200803
NapaR_Helena,4/30/2008,13.4,napar_helena200804
NapaR_Helena,5/31/2008,6.21,napar_helena200805
NapaR_Helena,6/30/2008,1.31,napar_helena200806
NapaR_Helena,7/31/2008,0.047,napar_helena200807
NapaR_Helena,8/31/2008,0,napar_helena200808
NapaR_Helena,9/30/2008,0,napar_helena200809
NapaR_Helena,10/31/2008,0,napar_helena200810
NapaR_Helena,11/30/2008,2.56,napar_helena200811
NapaR_Helena,12/31/2008,9.6,napar_helena200812
NapaR_Helena,1/31/2009,5.71,napar_helena200901
NapaR_Helena,2/28/2009,284.7,napar_helena200902
NapaR_Helena,3/31/2009,195,napar_helena200903
NapaR_Helena,4/30/2009,8.44,napar_helena200904
NapaR_Helena,5/31/2009,21.7,napar_helena200905
NapaR_Helena,6/30/2009,2.88,napar_helena200906
NapaR_Helena,7/31/2009,0.616,napar_helena200907
NapaR_Helena,8/31/2009,0,napar_helena200908
NapaR_Helena,9/30/2009,0,napar_helena200909
NapaR_Helena,10/31/2009,3.25,napar_helena200910
NapaR_Helena,11/30/2009,1.25,napar_helena200911
NapaR_Helena,12/31/2009,9.36,napar_helena200912
NapaR_Helena,1/31/2010,384.8,napar_helena201001
NapaR_Helena,2/28/2010,213.2,napar_helena201002
NapaR_Helena,3/31/2010,181,napar_helena201003
NapaR_Helena,4/30/2010,219.6,napar_helena201004
NapaR_Helena,5/31/2010,35,napar_helena201005
NapaR_Helena,6/30/2010,11.4,napar_helena201006
NapaR_Helena,7/31/2010,3.13,napar_helena201007
NapaR_Helena,8/31/2010,1.08,napar_helena201008
NapaR_Helena,9/30/2010,0.057,napar_helena201009
NapaR_Helena,10/31/2010,13.8,napar_helena201010
NapaR_Helena,11/30/2010,16.6,napar_helena201011
NapaR_Helena,12/31/2010,293.1,napar_helena201012
NapaR_Helena,1/31/2011,103.8,napar_helena201101
NapaR_Helena,2/28/2011,274.6,napar_helena201102
NapaR_Helena,3/31/2011,706,napar_helena201103
NapaR_Helena,4/30/2011,77.1,napar_helena201104
NapaR_Helena,5/31/2011,24.6,napar_helena201105
NapaR_Helena,6/30/2011,21.8,napar_helena201106
NapaR_Helena,7/31/2011,5.95,napar_helena201107
NapaR_Helena,8/31/2011,1.69,napar_helena201108
NapaR_Helena,9/30/2011,0.179,napar_helena201109
NapaR_Helena,10/31/2011,1.81,napar_helena201110
NapaR_Helena,11/30/2011,2.75,napar_helena201111
NapaR_Helena,12/31/2011,3.24,napar_helena201112
NapaR_Helena,1/31/2012,70.1,napar_helena201201
NapaR_Helena,2/29/2012,12.3,napar_helena201202
NapaR_Helena,3/31/2012,339.8,napar_helena201203
NapaR_Helena,4/30/2012,147.5,napar_helena201204
NapaR_Helena,5/31/2012,18.9,napar_helena201205
NapaR_Helena,6/30/2012,4.84,napar_helena201206
NapaR_Helena,7/31/2012,1.49,napar_helena201207
NapaR_Helena,8/31/2012,0.121,napar_helena201208
NapaR_Helena,9/30/2012,0,napar_helena201209
NapaR_Helena,10/31/2012,0.311,napar_helena201210
NapaR_Helena,11/30/2012,93.1,napar_helena201211
NapaR_Helena,12/31/2012,614.7,napar_helena201212
NapaR_Helena,1/31/2013,65.1,napar_helena201301
NapaR_Helena,2/28/2013,21.5,napar_helena201302
NapaR_Helena,3/31/2013,12.6,napar_helena201303
NapaR_Helena,4/30/2013,11.3,napar_helena201304
NapaR_Helena,5/31/2013,3.88,napar_helena201305
NapaR_Helena,6/30/2013,1.7,napar_helena201306
NapaR_Helena,7/31/2013,0.081,napar_helena201307
NapaR_Helena,8/31/2013,0,napar_helena201308
NapaR_Helena,9/30/2013,0,napar_helena201309
NapaR_Helena,10/31/2013,0,napar_helena201310
NapaR_Helena,11/30/2013,0,napar_helena201311
NapaR_Helena,12/31/2013,0.274,napar_helena201312
NapaR_Helena,1/31/2014,1.25,napar_helena201401
NapaR_Helena,2/28/2014,128.2,napar_helena201402
NapaR_Helena,3/31/2014,76.3,napar_helena201403
NapaR_Helena,4/30/2014,111.3,napar_helena201404
NapaR_Helena,5/31/2014,10.4,napar_helena201405
NapaR_Helena,6/30/2014,1.82,napar_helena201406
NapaR_Helena,7/31/2014,0,napar_helena201407
NapaR_Helena,8/31/2014,0,napar_helena201408
NapaR_Helena,9/30/2014,0,napar_helena201409
NapaR_Helena,10/31/2014,0,napar_helena201410
NapaR_Helena,11/30/2014,0.589,napar_helena201411
NapaR_Helena,12/31/2014,357.8,napar_helena201412
NapaR_Helena,1/31/2015,24.5,napar_helena201501
NapaR_Helena,2/28/2015,147.2,napar_helena201502
NapaR_Helena,3/31/2015,19.9,napar_helena201503
NapaR_Helena,4/30/2015,9.83,napar_helena201504
NapaR_Helena,5/31/2015,3.27,napar_helena201505
NapaR_Helena,6/30/2015,1.35,napar_helena201506
NapaR_Helena,7/31/2015,0.011,napar_helena201507
NapaR_Helena,8/31/2015,0,napar_helena201508
NapaR_Helena,9/30/2015,0,napar_helena201509
NapaR_Helena,10/31/2015,0,napar_helena201510
NapaR_Helena,11/30/2015,0.009,napar_helena201511
NapaR_Helena,12/31/2015,26.6,napar_helena201512
NapaR_Helena,1/31/2016,251.2,napar_helena201601
NapaR_Helena,2/29/2016,49.4,napar_helena201602
NapaR_Helena,3/31/2016,498.4,napar_helena201603
NapaR_Helena,4/30/2016,39,napar_helena201604
NapaR_Helena,5/31/2016,12.2,napar_helena201605
NapaR_Helena,6/30/2016,3.05,napar_helena201606
NapaR_Helena,7/31/2016,0.085,napar_helena201607
NapaR_Helena,8/31/2016,0,napar_helena201608
NapaR_Helena,9/30/2016,0,napar_helena201609
NapaR_Helena,10/31/2016,9.32,napar_helena201610
NapaR_Helena,11/30/2016,27.4,napar_helena201611
NapaR_Helena,12/31/2016,232.7,napar_helena201612
NapaR_Helena,1/31/2017,1232,napar_helena201701
NapaR_Helena,2/28/2017,1127,napar_helena201702
NapaR_Helena,3/31/2017,131.3,napar_helena201703
NapaR_Helena,4/30/2017,149.4,napar_helena201704
NapaR_Helena,5/31/2017,29.1,napar_helena201705
NapaR_Helena,6/30/2017,8.07,napar_helena201706
NapaR_Helena,7/31/2017,1.27,napar_helena201707
NapaR_Helena,8/31/2017,0,napar_helena201708
NapaR_Helena,9/30/2017,0,napar_helena201709
NapaR_Helena,10/31/2017,0,napar_helena201710
NapaR_Helena,11/30/2017,8.68,napar_helena201711
NapaR_Helena,12/31/2017,3.58,napar_helena201712
NapaR_Helena,1/31/2018,38.5,napar_helena201801
NapaR_Helena,2/28/2018,11,napar_helena201802
NapaR_Helena,3/31/2018,170.2,napar_helena201803
NapaR_Helena,4/30/2018,97,napar_helena201804
NapaR_Helena,5/31/2018,13.1,napar_helena201805
NapaR_Helena,6/30/2018,3.05,napar_helena201806
NapaR_Helena,7/31/2018,1.06,napar_helena201807
NapaR_Helena,8/31/2018,0,napar_helena201808
NapaR_Helena,9/30/2018,0,napar_helena201809
NapaR_Helena,10/31/2018,0.025,napar_helena201810
NapaR_Helena,11/30/2018,5.57,napar_helena201811
NapaR_Helena,12/31/2018,16.2,napar_helena201812
NapaR_Helena,1/31/2019,325.1,napar_helena201901
NapaR_Helena,2/28/2019,1043,napar_helena201902
NapaR_Helena,3/31/2019,422.9,napar_helena201903
NapaR_Helena,4/30/2019,130.5,napar_helena201904
NapaR_Helena,5/31/2019,54.8,napar_helena201905
NapaR_Helena,6/30/2019,16.4,napar_helena201906
NapaR_Helena,7/31/2019,3.58,napar_helena201907
NapaR_Helena,8/31/2019,0.285,napar_helena201908
NapaR_Helena,9/30/2019,0,napar_helena201909
NapaR_Helena,10/31/2019,0,napar_helena201910
NapaR_Helena,11/30/2019,0.128,napar_helena201911
NapaR_Helena,12/31/2019,67.6,napar_helena201912
NapaR_Helena,1/31/2020,72.8,napar_helena202001
NapaR_Helena,2/29/2020,24,napar_helena202002
NapaR_Helena,3/31/2020,11.5,napar_helena202003
NapaR_Helena,4/30/2020,11.6,napar_helena202004
NapaR_Helena,5/31/2020,5.3,napar_helena202005
NapaR_Helena,6/30/2020,1.25,napar_helena202006
NapaR_Helena,7/31/2020,0,napar_helena202007
NapaR_Helena,8/31/2020,0,napar_helena202008
NapaR_Helena,9/30/2020,0,napar_helena202009
NapaR_Helena,10/31/2020,0,napar_helena202010
NapaR_Helena,11/30/2020,0,napar_helena202011
NapaR_Helena,12/31/2020,0.792,napar_helena202012
NapaR_Helena,1/31/2021,10.6,napar_helena202101
NapaR_Helena,2/28/2021,12.9,napar_helena202102
NapaR_Helena,3/31/2021,14.2,napar_helena202103
NapaR_Helena,4/30/2021,5,napar_helena202104
NapaR_Helena,5/31/2021,1.43,napar_helena202105
NapaR_Helena,6/30/2021,0,napar_helena202106
NapaR_Helena,7/31/2021,0,napar_helena202107
NapaR_Helena,8/31/2021,0,napar_helena202108
NapaR_Helena,9/30/2021,0,napar_helena202109
NapaR_Helena,10/31/2021,199.5,napar_helena202110
NapaR_Helena,11/30/2021,34.5,napar_helena202111
NapaR_Helena,12/31/2021,358,napar_helena202112
NapaR_Helena,1/31/2022,117.5,napar_helena202201
NapaR_Helena,2/28/2022,16.6,napar_helena202202
NapaR_Helena,3/31/2022,7.33,napar_helena202203
NapaR_Helena,4/30/2022,14.1,napar_helena202204
NapaR_Helena,5/31/2022,5.81,napar_helena202205
NapaR_Helena,6/30/2022,1.28,napar_helena202206
NapaR_Helena,7/31/2022,0.186,napar_helena202207
NapaR_Helena,8/31/2022,0,napar_helena202208
NapaR_Helena,9/30/2022,0,napar_helena202209
NapaR_Helena,10/31/2022,0,napar_helena202210
NapaR_Helena,11/30/2022,0.061,napar_helena202211
NapaR_Helena,12/31/2022,123.6,napar_helena202212
NapaR_Helena,1/31/2023,809.6,napar_helena202301
NapaR_Helena,2/28/2023,97.5,napar_helena202302
NapaR_Helena,3/31/2023,763.7,napar_helena202303
NapaR_Helena,4/30/2023,98,napar_helena202304
NapaR_Helena,5/31/2023,23.3,napar_helena202305
NapaR_Helena,6/30/2023,7.26,napar_helena202306
NapaR_Helena,7/31/2023,2.47,napar_helena202307
NapaR_Helena,8/31/2023,0.423,napar_helena202308
NapaR_Helena,9/30/2023,0,napar_helena202309
NapaR_Helena,10/31/2023,0,napar_helena202310
NapaR_Helena,11/30/2023,1.76,napar_helena202311
NapaR_Helena,12/31/2023,30.1,napar_helena202312
NapaR_Helena,1/31/2024,244.3,napar_helena202401
NapaR_Helena,2/29/2024,682.2,napar_helena202402
NapaR_Helena,3/31/2024,243.7,napar_helena202403
NapaR_Helena,4/30/2024,85.2,napar_helena202404
NapaR_Helena,5/31/2024,19.2,napar_helena202405
NapaR_Helena,6/30/2024,4.48,napar_helena202406
NapaR_Helena,7/31/2024,1.2,napar_helena202407
NapaR_Helena,8/31/2024,0.068,napar_helena202408
NapaR_Helena,9/30/2024,0,napar_helena202409
NapaR_Helena,10/31/2024,0,napar_helena202410
NapaR_Helena,11/30/2024,374.4,napar_helena202411
NapaR_Helena,12/31/2024,425.9,napar_helena202412
NapaR_Helena,1/31/2025,136.6,napar_helena202501
NapaR_Helena,2/28/2025,812.9,napar_helena202502
NapaR_Helena,3/31/2025,135.9,napar_helena202503
NapaR_Helena,4/30/2025,66.8,napar_helena202504
