SWS,UpStreamSWS
10001,10001
10002,10002
10003,10003
10004,10004
10005,10005
10006,10006
10007,10007
10008,10008
10008,10031
10008,10083
10008,10130
10008,10162
10008,10262
10008,10336
10008,10339
10009,10009
10009,10093
10009,10124
10009,10159
10009,10161
10009,10203
10009,10204
10009,10245
10009,10253
10009,10290
10009,10292
10009,10298
10009,10307
10009,10333
10009,10337
10009,10338
10009,10343
10010,10002
10010,10010
10010,10065
10010,10067
10010,10069
10010,10072
10010,10113
10010,10117
10010,10137
10010,10138
10010,10139
10010,10147
10010,10180
10010,10185
10010,10191
10010,10221
10010,10227
10010,10239
10010,10247
10010,10258
10010,10276
10010,10309
10010,10318
10010,10329
10011,10011
10011,10016
10011,10060
10011,10062
10011,10111
10011,10142
10011,10145
10011,10184
10011,10190
10011,10216
10011,10232
10011,10266
10011,10269
10011,10274
10012,10001
10012,10002
10012,10003
10012,10004
10012,10005
10012,10006
10012,10007
10012,10008
10012,10009
10012,10010
10012,10012
10012,10013
10012,10014
10012,10015
10012,10017
10012,10018
10012,10019
10012,10020
10012,10021
10012,10022
10012,10023
10012,10024
10012,10025
10012,10026
10012,10027
10012,10028
10012,10029
10012,10030
10012,10031
10012,10032
10012,10033
10012,10034
10012,10035
10012,10036
10012,10037
10012,10038
10012,10039
10012,10040
10012,10041
10012,10042
10012,10043
10012,10044
10012,10045
10012,10046
10012,10047
10012,10048
10012,10049
10012,10050
10012,10051
10012,10052
10012,10053
10012,10054
10012,10055
10012,10056
10012,10057
10012,10058
10012,10059
10012,10061
10012,10063
10012,10064
10012,10065
10012,10066
10012,10067
10012,10068
10012,10069
10012,10070
10012,10071
10012,10072
10012,10073
10012,10074
10012,10075
10012,10076
10012,10077
10012,10078
10012,10079
10012,10080
10012,10081
10012,10082
10012,10083
10012,10084
10012,10085
10012,10086
10012,10087
10012,10088
10012,10089
10012,10090
10012,10091
10012,10092
10012,10093
10012,10094
10012,10095
10012,10096
10012,10097
10012,10098
10012,10099
10012,10100
10012,10101
10012,10102
10012,10103
10012,10104
10012,10105
10012,10106
10012,10107
10012,10108
10012,10109
10012,10110
10012,10112
10012,10113
10012,10114
10012,10115
10012,10116
10012,10117
10012,10118
10012,10119
10012,10120
10012,10121
10012,10122
10012,10123
10012,10124
10012,10125
10012,10126
10012,10127
10012,10128
10012,10129
10012,10130
10012,10131
10012,10132
10012,10133
10012,10134
10012,10135
10012,10136
10012,10137
10012,10138
10012,10139
10012,10140
10012,10141
10012,10143
10012,10144
10012,10146
10012,10147
10012,10148
10012,10149
10012,10150
10012,10151
10012,10152
10012,10153
10012,10154
10012,10155
10012,10156
10012,10157
10012,10158
10012,10159
10012,10160
10012,10161
10012,10162
10012,10163
10012,10164
10012,10165
10012,10166
10012,10167
10012,10168
10012,10169
10012,10170
10012,10171
10012,10172
10012,10173
10012,10174
10012,10175
10012,10176
10012,10177
10012,10178
10012,10179
10012,10180
10012,10181
10012,10182
10012,10183
10012,10185
10012,10186
10012,10187
10012,10188
10012,10189
10012,10191
10012,10192
10012,10193
10012,10194
10012,10195
10012,10196
10012,10197
10012,10198
10012,10199
10012,10200
10012,10201
10012,10202
10012,10203
10012,10204
10012,10205
10012,10206
10012,10207
10012,10208
10012,10209
10012,10210
10012,10211
10012,10212
10012,10213
10012,10214
10012,10215
10012,10217
10012,10218
10012,10219
10012,10220
10012,10221
10012,10222
10012,10223
10012,10224
10012,10225
10012,10226
10012,10227
10012,10228
10012,10229
10012,10230
10012,10231
10012,10233
10012,10234
10012,10235
10012,10236
10012,10237
10012,10238
10012,10239
10012,10240
10012,10241
10012,10242
10012,10243
10012,10244
10012,10245
10012,10246
10012,10247
10012,10248
10012,10249
10012,10250
10012,10251
10012,10252
10012,10253
10012,10254
10012,10255
10012,10256
10012,10257
10012,10258
10012,10259
10012,10260
10012,10261
10012,10262
10012,10263
10012,10264
10012,10265
10012,10267
10012,10268
10012,10270
10012,10271
10012,10272
10012,10273
10012,10275
10012,10276
10012,10277
10012,10278
10012,10279
10012,10280
10012,10281
10012,10282
10012,10283
10012,10284
10012,10285
10012,10286
10012,10287
10012,10288
10012,10289
10012,10290
10012,10291
10012,10292
10012,10293
10012,10294
10012,10295
10012,10296
10012,10297
10012,10298
10012,10299
10012,10300
10012,10301
10012,10302
10012,10303
10012,10304
10012,10305
10012,10306
10012,10307
10012,10308
10012,10309
10012,10310
10012,10311
10012,10312
10012,10313
10012,10316
10012,10317
10012,10318
10012,10319
10012,10320
10012,10321
10012,10322
10012,10323
10012,10324
10012,10325
10012,10326
10012,10327
10012,10328
10012,10329
10012,10330
10012,10331
10012,10332
10012,10333
10012,10334
10012,10335
10012,10336
10012,10337
10012,10338
10012,10339
10012,10340
10012,10341
10012,10342
10012,10343
10012,10344
10012,10345
10012,10346
10013,10013
10013,10020
10013,10022
10013,10131
10013,10157
10013,10182
10013,10187
10013,10251
10013,10310
10013,10316
10013,10317
10014,10014
10014,10132
10015,10001
10015,10002
10015,10004
10015,10005
10015,10006
10015,10007
10015,10008
10015,10009
10015,10010
10015,10015
10015,10019
10015,10024
10015,10025
10015,10026
10015,10027
10015,10028
10015,10029
10015,10030
10015,10031
10015,10032
10015,10033
10015,10034
10015,10035
10015,10036
10015,10037
10015,10038
10015,10039
10015,10040
10015,10041
10015,10042
10015,10043
10015,10044
10015,10045
10015,10046
10015,10047
10015,10048
10015,10049
10015,10050
10015,10051
10015,10052
10015,10053
10015,10054
10015,10055
10015,10056
10015,10057
10015,10059
10015,10064
10015,10065
10015,10067
10015,10069
10015,10070
10015,10072
10015,10073
10015,10074
10015,10075
10015,10076
10015,10077
10015,10078
10015,10079
10015,10080
10015,10081
10015,10082
10015,10083
10015,10084
10015,10085
10015,10086
10015,10087
10015,10088
10015,10089
10015,10090
10015,10091
10015,10092
10015,10093
10015,10094
10015,10095
10015,10096
10015,10097
10015,10098
10015,10099
10015,10102
10015,10104
10015,10113
10015,10114
10015,10115
10015,10116
10015,10117
10015,10118
10015,10119
10015,10120
10015,10121
10015,10122
10015,10123
10015,10124
10015,10125
10015,10126
10015,10127
10015,10128
10015,10129
10015,10130
10015,10133
10015,10134
10015,10135
10015,10136
10015,10137
10015,10138
10015,10139
10015,10140
10015,10143
10015,10147
10015,10148
10015,10149
10015,10150
10015,10151
10015,10152
10015,10153
10015,10154
10015,10155
10015,10156
10015,10158
10015,10159
10015,10160
10015,10161
10015,10162
10015,10163
10015,10164
10015,10165
10015,10166
10015,10167
10015,10168
10015,10169
10015,10170
10015,10171
10015,10172
10015,10173
10015,10174
10015,10175
10015,10176
10015,10177
10015,10178
10015,10179
10015,10180
10015,10183
10015,10185
10015,10186
10015,10191
10015,10192
10015,10193
10015,10194
10015,10195
10015,10197
10015,10198
10015,10199
10015,10200
10015,10201
10015,10202
10015,10203
10015,10204
10015,10205
10015,10206
10015,10207
10015,10208
10015,10209
10015,10210
10015,10211
10015,10212
10015,10213
10015,10214
10015,10215
10015,10221
10015,10222
10015,10223
10015,10226
10015,10227
10015,10229
10015,10234
10015,10235
10015,10236
10015,10237
10015,10238
10015,10239
10015,10241
10015,10242
10015,10243
10015,10244
10015,10245
10015,10246
10015,10247
10015,10248
10015,10249
10015,10250
10015,10252
10015,10253
10015,10254
10015,10255
10015,10256
10015,10257
10015,10258
10015,10259
10015,10260
10015,10261
10015,10262
10015,10263
10015,10264
10015,10265
10015,10271
10015,10276
10015,10277
10015,10278
10015,10279
10015,10280
10015,10281
10015,10282
10015,10283
10015,10284
10015,10285
10015,10286
10015,10287
10015,10288
10015,10289
10015,10290
10015,10291
10015,10292
10015,10293
10015,10294
10015,10295
10015,10296
10015,10297
10015,10298
10015,10299
10015,10300
10015,10301
10015,10302
10015,10303
10015,10304
10015,10306
10015,10307
10015,10308
10015,10309
10015,10313
10015,10318
10015,10319
10015,10320
10015,10321
10015,10322
10015,10324
10015,10325
10015,10326
10015,10327
10015,10328
10015,10329
10015,10330
10015,10331
10015,10332
10015,10333
10015,10334
10015,10335
10015,10336
10015,10337
10015,10338
10015,10339
10015,10340
10015,10341
10015,10342
10015,10343
10015,10344
10015,10345
10015,10346
10016,10016
10016,10145
10016,10190
10017,10017
10017,10058
10017,10066
10017,10068
10017,10071
10017,10103
10017,10110
10017,10146
10017,10196
10017,10225
10017,10228
10017,10240
10017,10270
10017,10275
10017,10305
10018,10018
10018,10023
10018,10112
10019,10001
10019,10004
10019,10005
10019,10006
10019,10007
10019,10008
10019,10009
10019,10019
10019,10024
10019,10025
10019,10026
10019,10027
10019,10028
10019,10029
10019,10030
10019,10031
10019,10032
10019,10033
10019,10034
10019,10035
10019,10036
10019,10037
10019,10038
10019,10039
10019,10040
10019,10041
10019,10042
10019,10043
10019,10044
10019,10045
10019,10046
10019,10047
10019,10048
10019,10050
10019,10051
10019,10052
10019,10053
10019,10054
10019,10055
10019,10056
10019,10057
10019,10064
10019,10070
10019,10074
10019,10075
10019,10076
10019,10077
10019,10078
10019,10079
10019,10080
10019,10081
10019,10082
10019,10083
10019,10084
10019,10085
10019,10086
10019,10087
10019,10088
10019,10089
10019,10090
10019,10091
10019,10092
10019,10093
10019,10094
10019,10095
10019,10096
10019,10097
10019,10098
10019,10099
10019,10102
10019,10104
10019,10114
10019,10115
10019,10116
10019,10118
10019,10119
10019,10120
10019,10121
10019,10122
10019,10123
10019,10124
10019,10125
10019,10126
10019,10127
10019,10128
10019,10129
10019,10130
10019,10133
10019,10134
10019,10135
10019,10136
10019,10140
10019,10148
10019,10149
10019,10150
10019,10151
10019,10152
10019,10153
10019,10154
10019,10155
10019,10156
10019,10158
10019,10159
10019,10160
10019,10161
10019,10162
10019,10163
10019,10164
10019,10165
10019,10166
10019,10167
10019,10168
10019,10169
10019,10170
10019,10171
10019,10172
10019,10173
10019,10174
10019,10175
10019,10176
10019,10177
10019,10178
10019,10179
10019,10186
10019,10192
10019,10193
10019,10194
10019,10195
10019,10197
10019,10198
10019,10199
10019,10200
10019,10201
10019,10202
10019,10203
10019,10204
10019,10205
10019,10206
10019,10207
10019,10208
10019,10209
10019,10210
10019,10211
10019,10212
10019,10213
10019,10214
10019,10215
10019,10222
10019,10226
10019,10234
10019,10235
10019,10236
10019,10237
10019,10238
10019,10241
10019,10242
10019,10243
10019,10244
10019,10245
10019,10246
10019,10248
10019,10249
10019,10250
10019,10252
10019,10253
10019,10254
10019,10255
10019,10256
10019,10257
10019,10259
10019,10261
10019,10262
10019,10263
10019,10264
10019,10265
10019,10277
10019,10278
10019,10279
10019,10280
10019,10281
10019,10282
10019,10283
10019,10284
10019,10285
10019,10286
10019,10287
10019,10288
10019,10289
10019,10290
10019,10291
10019,10292
10019,10293
10019,10294
10019,10295
10019,10296
10019,10297
10019,10298
10019,10299
10019,10300
10019,10301
10019,10302
10019,10303
10019,10304
10019,10306
10019,10307
10019,10308
10019,10313
10019,10319
10019,10320
10019,10321
10019,10322
10019,10324
10019,10325
10019,10326
10019,10327
10019,10328
10019,10330
10019,10331
10019,10332
10019,10333
10019,10334
10019,10335
10019,10336
10019,10337
10019,10338
10019,10339
10019,10340
10019,10341
10019,10342
10019,10343
10019,10344
10019,10345
10019,10346
10020,10020
10020,10187
10020,10310
10021,10017
10021,10021
10021,10058
10021,10063
10021,10066
10021,10068
10021,10071
10021,10101
10021,10103
10021,10107
10021,10108
10021,10109
10021,10110
10021,10146
10021,10181
10021,10196
10021,10225
10021,10228
10021,10230
10021,10231
10021,10240
10021,10268
10021,10270
10021,10275
10021,10305
10021,10312
10021,10323
10022,10022
10023,10023
10024,10024
10025,10006
10025,10007
10025,10008
10025,10009
10025,10024
10025,10025
10025,10026
10025,10027
10025,10029
10025,10030
10025,10031
10025,10032
10025,10039
10025,10041
10025,10042
10025,10051
10025,10053
10025,10055
10025,10070
10025,10074
10025,10075
10025,10076
10025,10077
10025,10078
10025,10079
10025,10083
10025,10085
10025,10093
10025,10098
10025,10099
10025,10115
10025,10118
10025,10119
10025,10120
10025,10124
10025,10125
10025,10128
10025,10129
10025,10130
10025,10133
10025,10135
10025,10150
10025,10152
10025,10153
10025,10159
10025,10160
10025,10161
10025,10162
10025,10172
10025,10173
10025,10174
10025,10193
10025,10195
10025,10200
10025,10202
10025,10203
10025,10204
10025,10206
10025,10211
10025,10234
10025,10235
10025,10236
10025,10237
10025,10238
10025,10242
10025,10245
10025,10246
10025,10248
10025,10253
10025,10262
10025,10277
10025,10279
10025,10280
10025,10281
10025,10283
10025,10285
10025,10287
10025,10288
10025,10290
10025,10292
10025,10297
10025,10298
10025,10306
10025,10307
10025,10321
10025,10325
10025,10326
10025,10327
10025,10328
10025,10330
10025,10333
10025,10336
10025,10337
10025,10338
10025,10339
10025,10340
10025,10341
10025,10343
10026,10026
10027,10027
10028,10028
10029,10007
10029,10008
10029,10009
10029,10029
10029,10030
10029,10031
10029,10032
10029,10041
10029,10042
10029,10051
10029,10055
10029,10074
10029,10075
10029,10076
10029,10077
10029,10078
10029,10079
10029,10083
10029,10093
10029,10098
10029,10099
10029,10119
10029,10120
10029,10124
10029,10125
10029,10128
10029,10129
10029,10130
10029,10133
10029,10135
10029,10150
10029,10152
10029,10153
10029,10159
10029,10160
10029,10161
10029,10162
10029,10200
10029,10202
10029,10203
10029,10204
10029,10211
10029,10238
10029,10242
10029,10245
10029,10246
10029,10253
10029,10262
10029,10283
10029,10285
10029,10287
10029,10288
10029,10290
10029,10292
10029,10297
10029,10298
10029,10306
10029,10307
10029,10327
10029,10328
10029,10330
10029,10333
10029,10336
10029,10337
10029,10338
10029,10339
10029,10343
10030,10030
10031,10031
10031,10083
10031,10162
10031,10262
10031,10336
10031,10339
10032,10032
10033,10033
10034,10034
10034,10035
10034,10054
10034,10097
10035,10035
10036,10036
10037,10037
10038,10001
10038,10038
10038,10057
10038,10304
10039,10039
10040,10040
10040,10056
10040,10122
10040,10123
10040,10148
10040,10151
10040,10241
10040,10284
10041,10007
10041,10008
10041,10009
10041,10030
10041,10031
10041,10032
10041,10041
10041,10042
10041,10051
10041,10055
10041,10074
10041,10075
10041,10076
10041,10077
10041,10078
10041,10079
10041,10083
10041,10093
10041,10098
10041,10099
10041,10119
10041,10120
10041,10124
10041,10125
10041,10128
10041,10129
10041,10130
10041,10133
10041,10135
10041,10150
10041,10152
10041,10153
10041,10159
10041,10160
10041,10161
10041,10162
10041,10200
10041,10202
10041,10203
10041,10204
10041,10211
10041,10238
10041,10245
10041,10246
10041,10253
10041,10262
10041,10283
10041,10285
10041,10287
10041,10288
10041,10290
10041,10292
10041,10297
10041,10298
10041,10306
10041,10307
10041,10327
10041,10328
10041,10330
10041,10333
10041,10336
10041,10337
10041,10338
10041,10339
10041,10343
10042,10042
10043,10001
10043,10033
10043,10034
10043,10035
10043,10036
10043,10037
10043,10038
10043,10043
10043,10045
10043,10046
10043,10047
10043,10054
10043,10057
10043,10089
10043,10090
10043,10091
10043,10092
10043,10094
10043,10095
10043,10096
10043,10097
10043,10126
10043,10127
10043,10136
10043,10165
10043,10169
10043,10170
10043,10171
10043,10176
10043,10179
10043,10207
10043,10208
10043,10209
10043,10210
10043,10214
10043,10250
10043,10252
10043,10254
10043,10255
10043,10256
10043,10257
10043,10264
10043,10265
10043,10293
10043,10295
10043,10296
10043,10304
10043,10345
10043,10346
10044,10044
10044,10048
10044,10294
10044,10344
10045,10045
10046,10046
10047,10001
10047,10033
10047,10034
10047,10035
10047,10036
10047,10037
10047,10038
10047,10047
10047,10054
10047,10057
10047,10094
10047,10095
10047,10096
10047,10097
10047,10127
10047,10136
10047,10170
10047,10176
10047,10179
10047,10210
10047,10250
10047,10256
10047,10257
10047,10264
10047,10265
10047,10295
10047,10296
10047,10304
10047,10345
10047,10346
10048,10048
10049,10049
10049,10229
10050,10050
10051,10030
10051,10051
10051,10077
10052,10004
10052,10052
10053,10053
10054,10035
10054,10054
10055,10055
10056,10056
10056,10122
10056,10241
10057,10057
10057,10304
10058,10058
10058,10228
10059,10002
10059,10010
10059,10059
10059,10065
10059,10067
10059,10069
10059,10072
10059,10113
10059,10117
10059,10137
10059,10138
10059,10139
10059,10147
10059,10180
10059,10183
10059,10185
10059,10191
10059,10221
10059,10227
10059,10239
10059,10247
10059,10258
10059,10276
10059,10309
10059,10318
10059,10329
10060,10016
10060,10060
10060,10111
10060,10145
10060,10190
10060,10232
10060,10269
10061,10003
10061,10061
10061,10105
10061,10106
10061,10141
10061,10219
10061,10272
10062,10062
10063,10063
10063,10107
10064,10001
10064,10004
10064,10005
10064,10006
10064,10007
10064,10008
10064,10009
10064,10024
10064,10025
10064,10026
10064,10027
10064,10028
10064,10029
10064,10030
10064,10031
10064,10032
10064,10033
10064,10034
10064,10035
10064,10036
10064,10037
10064,10038
10064,10039
10064,10040
10064,10041
10064,10042
10064,10043
10064,10044
10064,10045
10064,10046
10064,10047
10064,10048
10064,10050
10064,10051
10064,10052
10064,10053
10064,10054
10064,10055
10064,10056
10064,10057
10064,10064
10064,10070
10064,10074
10064,10075
10064,10076
10064,10077
10064,10078
10064,10079
10064,10080
10064,10081
10064,10082
10064,10083
10064,10084
10064,10085
10064,10086
10064,10087
10064,10088
10064,10089
10064,10090
10064,10091
10064,10092
10064,10093
10064,10094
10064,10095
10064,10096
10064,10097
10064,10098
10064,10099
10064,10104
10064,10114
10064,10115
10064,10116
10064,10118
10064,10119
10064,10120
10064,10121
10064,10122
10064,10123
10064,10124
10064,10125
10064,10126
10064,10127
10064,10128
10064,10129
10064,10130
10064,10133
10064,10134
10064,10135
10064,10136
10064,10140
10064,10148
10064,10149
10064,10150
10064,10151
10064,10152
10064,10153
10064,10154
10064,10155
10064,10156
10064,10158
10064,10159
10064,10160
10064,10161
10064,10162
10064,10163
10064,10164
10064,10165
10064,10166
10064,10167
10064,10168
10064,10169
10064,10170
10064,10171
10064,10172
10064,10173
10064,10174
10064,10175
10064,10176
10064,10177
10064,10178
10064,10179
10064,10186
10064,10192
10064,10193
10064,10194
10064,10195
10064,10197
10064,10198
10064,10199
10064,10200
10064,10201
10064,10202
10064,10203
10064,10204
10064,10205
10064,10206
10064,10207
10064,10208
10064,10209
10064,10210
10064,10211
10064,10212
10064,10213
10064,10214
10064,10215
10064,10226
10064,10234
10064,10235
10064,10236
10064,10237
10064,10238
10064,10241
10064,10242
10064,10243
10064,10244
10064,10245
10064,10246
10064,10248
10064,10249
10064,10250
10064,10252
10064,10253
10064,10254
10064,10255
10064,10256
10064,10257
10064,10259
10064,10261
10064,10262
10064,10264
10064,10265
10064,10277
10064,10278
10064,10279
10064,10280
10064,10281
10064,10282
10064,10283
10064,10284
10064,10285
10064,10286
10064,10287
10064,10288
10064,10289
10064,10290
10064,10291
10064,10292
10064,10293
10064,10294
10064,10295
10064,10296
10064,10297
10064,10298
10064,10299
10064,10300
10064,10301
10064,10302
10064,10303
10064,10304
10064,10306
10064,10307
10064,10308
10064,10319
10064,10320
10064,10321
10064,10322
10064,10324
10064,10325
10064,10326
10064,10327
10064,10328
10064,10330
10064,10331
10064,10332
10064,10333
10064,10334
10064,10335
10064,10336
10064,10337
10064,10338
10064,10339
10064,10340
10064,10341
10064,10342
10064,10343
10064,10344
10064,10345
10064,10346
10065,10065
10066,10066
10067,10067
10068,10068
10068,10146
10068,10275
10069,10002
10069,10069
10069,10117
10069,10137
10069,10139
10069,10147
10069,10247
10069,10276
10070,10070
10070,10115
10070,10321
10071,10071
10072,10002
10072,10065
10072,10067
10072,10069
10072,10072
10072,10113
10072,10117
10072,10137
10072,10139
10072,10147
10072,10180
10072,10185
10072,10221
10072,10227
10072,10239
10072,10247
10072,10258
10072,10276
10072,10309
10072,10318
10072,10329
10073,10002
10073,10010
10073,10049
10073,10059
10073,10065
10073,10067
10073,10069
10073,10072
10073,10073
10073,10113
10073,10117
10073,10137
10073,10138
10073,10139
10073,10147
10073,10180
10073,10183
10073,10185
10073,10191
10073,10221
10073,10223
10073,10227
10073,10229
10073,10239
10073,10247
10073,10258
10073,10271
10073,10276
10073,10309
10073,10318
10073,10329
10074,10074
10075,10075
10076,10076
10077,10030
10077,10077
10078,10078
10079,10079
10080,10080
10080,10081
10080,10134
10080,10158
10080,10331
10081,10081
10081,10134
10081,10158
10082,10082
10083,10083
10083,10162
10083,10262
10083,10336
10083,10339
10084,10084
10085,10085
10086,10086
10087,10086
10087,10087
10087,10164
10087,10166
10087,10167
10087,10168
10087,10178
10087,10261
10087,10289
10087,10302
10088,10001
10088,10033
10088,10034
10088,10035
10088,10036
10088,10037
10088,10038
10088,10043
10088,10044
10088,10045
10088,10046
10088,10047
10088,10048
10088,10054
10088,10057
10088,10086
10088,10087
10088,10088
10088,10089
10088,10090
10088,10091
10088,10092
10088,10094
10088,10095
10088,10096
10088,10097
10088,10126
10088,10127
10088,10136
10088,10163
10088,10164
10088,10165
10088,10166
10088,10167
10088,10168
10088,10169
10088,10170
10088,10171
10088,10176
10088,10178
10088,10179
10088,10207
10088,10208
10088,10209
10088,10210
10088,10212
10088,10214
10088,10249
10088,10250
10088,10252
10088,10254
10088,10255
10088,10256
10088,10257
10088,10259
10088,10261
10088,10264
10088,10265
10088,10289
10088,10291
10088,10293
10088,10294
10088,10295
10088,10296
10088,10302
10088,10304
10088,10342
10088,10344
10088,10345
10088,10346
10089,10001
10089,10033
10089,10034
10089,10035
10089,10036
10089,10037
10089,10038
10089,10045
10089,10046
10089,10047
10089,10054
10089,10057
10089,10089
10089,10090
10089,10091
10089,10092
10089,10094
10089,10095
10089,10096
10089,10097
10089,10126
10089,10127
10089,10136
10089,10165
10089,10169
10089,10170
10089,10171
10089,10176
10089,10179
10089,10207
10089,10208
10089,10209
10089,10210
10089,10214
10089,10250
10089,10252
10089,10254
10089,10255
10089,10256
10089,10257
10089,10264
10089,10265
10089,10293
10089,10295
10089,10296
10089,10304
10089,10345
10089,10346
10090,10001
10090,10033
10090,10034
10090,10035
10090,10036
10090,10037
10090,10038
10090,10046
10090,10047
10090,10054
10090,10057
10090,10090
10090,10091
10090,10092
10090,10094
10090,10095
10090,10096
10090,10097
10090,10127
10090,10136
10090,10169
10090,10170
10090,10171
10090,10176
10090,10179
10090,10207
10090,10208
10090,10209
10090,10210
10090,10214
10090,10250
10090,10252
10090,10254
10090,10255
10090,10256
10090,10257
10090,10264
10090,10265
10090,10295
10090,10296
10090,10304
10090,10345
10090,10346
10091,10091
10092,10092
10092,10171
10093,10093
10094,10034
10094,10035
10094,10054
10094,10094
10094,10097
10095,10037
10095,10095
10095,10096
10095,10136
10095,10210
10096,10096
10097,10097
10098,10032
10098,10098
10098,10099
10099,10099
10100,10100
10101,10101
10101,10230
10101,10268
10102,10102
10102,10263
10103,10058
10103,10068
10103,10103
10103,10146
10103,10228
10103,10275
10104,10004
10104,10005
10104,10052
10104,10080
10104,10081
10104,10104
10104,10134
10104,10154
10104,10155
10104,10158
10104,10197
10104,10213
10104,10331
10104,10332
10105,10105
10106,10003
10106,10106
10106,10219
10107,10107
10108,10017
10108,10058
10108,10066
10108,10068
10108,10071
10108,10101
10108,10103
10108,10108
10108,10110
10108,10146
10108,10196
10108,10225
10108,10228
10108,10230
10108,10240
10108,10268
10108,10270
10108,10275
10108,10305
10108,10323
10109,10109
10110,10110
10111,10111
10112,10023
10112,10112
10113,10113
10114,10001
10114,10004
10114,10005
10114,10006
10114,10007
10114,10008
10114,10009
10114,10024
10114,10025
10114,10026
10114,10027
10114,10028
10114,10029
10114,10030
10114,10031
10114,10032
10114,10033
10114,10034
10114,10035
10114,10036
10114,10037
10114,10038
10114,10039
10114,10040
10114,10041
10114,10042
10114,10043
10114,10044
10114,10045
10114,10046
10114,10047
10114,10048
10114,10050
10114,10051
10114,10052
10114,10053
10114,10054
10114,10055
10114,10056
10114,10057
10114,10070
10114,10074
10114,10075
10114,10076
10114,10077
10114,10078
10114,10079
10114,10080
10114,10081
10114,10083
10114,10084
10114,10085
10114,10086
10114,10087
10114,10088
10114,10089
10114,10090
10114,10091
10114,10092
10114,10093
10114,10094
10114,10095
10114,10096
10114,10097
10114,10098
10114,10099
10114,10104
10114,10114
10114,10115
10114,10116
10114,10118
10114,10119
10114,10120
10114,10121
10114,10122
10114,10123
10114,10124
10114,10125
10114,10126
10114,10127
10114,10128
10114,10129
10114,10130
10114,10133
10114,10134
10114,10135
10114,10136
10114,10140
10114,10148
10114,10149
10114,10150
10114,10151
10114,10152
10114,10153
10114,10154
10114,10155
10114,10156
10114,10158
10114,10159
10114,10160
10114,10161
10114,10162
10114,10163
10114,10164
10114,10165
10114,10166
10114,10167
10114,10168
10114,10169
10114,10170
10114,10171
10114,10172
10114,10173
10114,10174
10114,10175
10114,10176
10114,10177
10114,10178
10114,10179
10114,10186
10114,10192
10114,10193
10114,10194
10114,10195
10114,10197
10114,10198
10114,10199
10114,10200
10114,10201
10114,10202
10114,10203
10114,10204
10114,10205
10114,10206
10114,10207
10114,10208
10114,10209
10114,10210
10114,10211
10114,10212
10114,10213
10114,10214
10114,10215
10114,10234
10114,10235
10114,10236
10114,10237
10114,10238
10114,10241
10114,10242
10114,10243
10114,10244
10114,10245
10114,10246
10114,10248
10114,10249
10114,10250
10114,10252
10114,10253
10114,10254
10114,10255
10114,10256
10114,10257
10114,10259
10114,10261
10114,10262
10114,10264
10114,10265
10114,10277
10114,10278
10114,10279
10114,10280
10114,10281
10114,10282
10114,10283
10114,10284
10114,10285
10114,10286
10114,10287
10114,10288
10114,10289
10114,10290
10114,10291
10114,10292
10114,10293
10114,10294
10114,10295
10114,10296
10114,10297
10114,10298
10114,10299
10114,10300
10114,10301
10114,10302
10114,10303
10114,10304
10114,10306
10114,10307
10114,10308
10114,10319
10114,10320
10114,10321
10114,10322
10114,10324
10114,10325
10114,10326
10114,10327
10114,10328
10114,10330
10114,10331
10114,10332
10114,10333
10114,10334
10114,10335
10114,10336
10114,10337
10114,10338
10114,10339
10114,10340
10114,10341
10114,10342
10114,10343
10114,10344
10114,10345
10114,10346
10115,10115
10116,10116
10116,10278
10117,10117
10118,10118
10119,10030
10119,10051
10119,10077
10119,10119
10119,10120
10119,10135
10119,10211
10119,10238
10119,10285
10120,10030
10120,10051
10120,10077
10120,10120
10120,10211
10120,10285
10121,10001
10121,10004
10121,10005
10121,10033
10121,10034
10121,10035
10121,10036
10121,10037
10121,10038
10121,10040
10121,10043
10121,10044
10121,10045
10121,10046
10121,10047
10121,10048
10121,10050
10121,10052
10121,10054
10121,10056
10121,10057
10121,10080
10121,10081
10121,10084
10121,10086
10121,10087
10121,10088
10121,10089
10121,10090
10121,10091
10121,10092
10121,10094
10121,10095
10121,10096
10121,10097
10121,10104
10121,10121
10121,10122
10121,10123
10121,10126
10121,10127
10121,10134
10121,10136
10121,10140
10121,10148
10121,10149
10121,10151
10121,10154
10121,10155
10121,10156
10121,10158
10121,10163
10121,10164
10121,10165
10121,10166
10121,10167
10121,10168
10121,10169
10121,10170
10121,10171
10121,10176
10121,10177
10121,10178
10121,10179
10121,10197
10121,10198
10121,10199
10121,10201
10121,10205
10121,10207
10121,10208
10121,10209
10121,10210
10121,10212
10121,10213
10121,10214
10121,10241
10121,10243
10121,10244
10121,10249
10121,10250
10121,10252
10121,10254
10121,10255
10121,10256
10121,10257
10121,10259
10121,10261
10121,10264
10121,10265
10121,10284
10121,10286
10121,10289
10121,10291
10121,10293
10121,10294
10121,10295
10121,10296
10121,10299
10121,10300
10121,10301
10121,10302
10121,10303
10121,10304
10121,10331
10121,10332
10121,10334
10121,10335
10121,10342
10121,10344
10121,10345
10121,10346
10122,10122
10123,10123
10124,10093
10124,10124
10124,10161
10124,10203
10124,10204
10124,10253
10124,10290
10124,10292
10124,10307
10124,10337
10124,10338
10124,10343
10125,10125
10126,10001
10126,10033
10126,10034
10126,10035
10126,10036
10126,10037
10126,10038
10126,10046
10126,10047
10126,10054
10126,10057
10126,10090
10126,10091
10126,10092
10126,10094
10126,10095
10126,10096
10126,10097
10126,10126
10126,10127
10126,10136
10126,10169
10126,10170
10126,10171
10126,10176
10126,10179
10126,10207
10126,10208
10126,10209
10126,10210
10126,10214
10126,10250
10126,10252
10126,10254
10126,10255
10126,10256
10126,10257
10126,10264
10126,10265
10126,10293
10126,10295
10126,10296
10126,10304
10126,10345
10126,10346
10127,10001
10127,10034
10127,10035
10127,10036
10127,10037
10127,10038
10127,10054
10127,10057
10127,10094
10127,10095
10127,10096
10127,10097
10127,10127
10127,10136
10127,10170
10127,10176
10127,10179
10127,10210
10127,10250
10127,10264
10127,10265
10127,10295
10127,10296
10127,10304
10127,10345
10127,10346
10128,10008
10128,10031
10128,10083
10128,10128
10128,10130
10128,10162
10128,10262
10128,10336
10128,10339
10129,10007
10129,10032
10129,10055
10129,10098
10129,10099
10129,10125
10129,10129
10129,10160
10129,10200
10129,10202
10129,10246
10129,10287
10129,10288
10129,10297
10129,10306
10130,10130
10131,10131
10132,10132
10133,10133
10134,10134
10135,10135
10135,10238
10136,10037
10136,10136
10136,10210
10137,10002
10137,10117
10137,10137
10137,10139
10137,10147
10137,10276
10138,10002
10138,10065
10138,10067
10138,10069
10138,10072
10138,10113
10138,10117
10138,10137
10138,10138
10138,10139
10138,10147
10138,10180
10138,10185
10138,10221
10138,10227
10138,10239
10138,10247
10138,10258
10138,10276
10138,10309
10138,10318
10138,10329
10139,10139
10140,10050
10140,10140
10140,10303
10141,10105
10141,10141
10141,10272
10142,10142
10143,10001
10143,10002
10143,10004
10143,10005
10143,10006
10143,10007
10143,10008
10143,10009
10143,10010
10143,10019
10143,10024
10143,10025
10143,10026
10143,10027
10143,10028
10143,10029
10143,10030
10143,10031
10143,10032
10143,10033
10143,10034
10143,10035
10143,10036
10143,10037
10143,10038
10143,10039
10143,10040
10143,10041
10143,10042
10143,10043
10143,10044
10143,10045
10143,10046
10143,10047
10143,10048
10143,10049
10143,10050
10143,10051
10143,10052
10143,10053
10143,10054
10143,10055
10143,10056
10143,10057
10143,10059
10143,10064
10143,10065
10143,10067
10143,10069
10143,10070
10143,10072
10143,10073
10143,10074
10143,10075
10143,10076
10143,10077
10143,10078
10143,10079
10143,10080
10143,10081
10143,10082
10143,10083
10143,10084
10143,10085
10143,10086
10143,10087
10143,10088
10143,10089
10143,10090
10143,10091
10143,10092
10143,10093
10143,10094
10143,10095
10143,10096
10143,10097
10143,10098
10143,10099
10143,10102
10143,10104
10143,10113
10143,10114
10143,10115
10143,10116
10143,10117
10143,10118
10143,10119
10143,10120
10143,10121
10143,10122
10143,10123
10143,10124
10143,10125
10143,10126
10143,10127
10143,10128
10143,10129
10143,10130
10143,10133
10143,10134
10143,10135
10143,10136
10143,10137
10143,10138
10143,10139
10143,10140
10143,10143
10143,10147
10143,10148
10143,10149
10143,10150
10143,10151
10143,10152
10143,10153
10143,10154
10143,10155
10143,10156
10143,10158
10143,10159
10143,10160
10143,10161
10143,10162
10143,10163
10143,10164
10143,10165
10143,10166
10143,10167
10143,10168
10143,10169
10143,10170
10143,10171
10143,10172
10143,10173
10143,10174
10143,10175
10143,10176
10143,10177
10143,10178
10143,10179
10143,10180
10143,10183
10143,10185
10143,10186
10143,10191
10143,10192
10143,10193
10143,10194
10143,10195
10143,10197
10143,10198
10143,10199
10143,10200
10143,10201
10143,10202
10143,10203
10143,10204
10143,10205
10143,10206
10143,10207
10143,10208
10143,10209
10143,10210
10143,10211
10143,10212
10143,10213
10143,10214
10143,10215
10143,10221
10143,10222
10143,10223
10143,10226
10143,10227
10143,10229
10143,10234
10143,10235
10143,10236
10143,10237
10143,10238
10143,10239
10143,10241
10143,10242
10143,10243
10143,10244
10143,10245
10143,10246
10143,10247
10143,10248
10143,10249
10143,10250
10143,10252
10143,10253
10143,10254
10143,10255
10143,10256
10143,10257
10143,10258
10143,10259
10143,10261
10143,10262
10143,10263
10143,10264
10143,10265
10143,10271
10143,10276
10143,10277
10143,10278
10143,10279
10143,10280
10143,10281
10143,10282
10143,10283
10143,10284
10143,10285
10143,10286
10143,10287
10143,10288
10143,10289
10143,10290
10143,10291
10143,10292
10143,10293
10143,10294
10143,10295
10143,10296
10143,10297
10143,10298
10143,10299
10143,10300
10143,10301
10143,10302
10143,10303
10143,10304
10143,10306
10143,10307
10143,10308
10143,10309
10143,10313
10143,10318
10143,10319
10143,10320
10143,10321
10143,10322
10143,10324
10143,10325
10143,10326
10143,10327
10143,10328
10143,10329
10143,10330
10143,10331
10143,10332
10143,10333
10143,10334
10143,10335
10143,10336
10143,10337
10143,10338
10143,10339
10143,10340
10143,10341
10143,10342
10143,10343
10143,10344
10143,10345
10143,10346
10144,10144
10145,10145
10146,10146
10147,10002
10147,10139
10147,10147
10147,10276
10148,10148
10149,10001
10149,10004
10149,10005
10149,10033
10149,10034
10149,10035
10149,10036
10149,10037
10149,10038
10149,10043
10149,10044
10149,10045
10149,10046
10149,10047
10149,10048
10149,10050
10149,10052
10149,10054
10149,10057
10149,10080
10149,10081
10149,10086
10149,10087
10149,10088
10149,10089
10149,10090
10149,10091
10149,10092
10149,10094
10149,10095
10149,10096
10149,10097
10149,10104
10149,10126
10149,10127
10149,10134
10149,10136
10149,10140
10149,10149
10149,10154
10149,10155
10149,10156
10149,10158
10149,10163
10149,10164
10149,10165
10149,10166
10149,10167
10149,10168
10149,10169
10149,10170
10149,10171
10149,10176
10149,10177
10149,10178
10149,10179
10149,10197
10149,10198
10149,10199
10149,10201
10149,10205
10149,10207
10149,10208
10149,10209
10149,10210
10149,10212
10149,10213
10149,10214
10149,10243
10149,10244
10149,10249
10149,10250
10149,10252
10149,10254
10149,10255
10149,10256
10149,10257
10149,10259
10149,10261
10149,10264
10149,10265
10149,10286
10149,10289
10149,10291
10149,10293
10149,10294
10149,10295
10149,10296
10149,10299
10149,10300
10149,10301
10149,10302
10149,10303
10149,10304
10149,10331
10149,10332
10149,10334
10149,10335
10149,10342
10149,10344
10149,10345
10149,10346
10150,10133
10150,10150
10151,10123
10151,10151
10151,10284
10152,10007
10152,10008
10152,10009
10152,10030
10152,10031
10152,10032
10152,10042
10152,10051
10152,10055
10152,10074
10152,10075
10152,10076
10152,10077
10152,10078
10152,10079
10152,10083
10152,10093
10152,10098
10152,10099
10152,10119
10152,10120
10152,10124
10152,10125
10152,10128
10152,10129
10152,10130
10152,10133
10152,10135
10152,10150
10152,10152
10152,10153
10152,10159
10152,10160
10152,10161
10152,10162
10152,10200
10152,10202
10152,10203
10152,10204
10152,10211
10152,10238
10152,10245
10152,10246
10152,10253
10152,10262
10152,10283
10152,10285
10152,10287
10152,10288
10152,10290
10152,10292
10152,10297
10152,10298
10152,10306
10152,10307
10152,10327
10152,10328
10152,10330
10152,10333
10152,10336
10152,10337
10152,10338
10152,10339
10152,10343
10153,10007
10153,10008
10153,10031
10153,10032
10153,10055
10153,10083
10153,10098
10153,10099
10153,10125
10153,10128
10153,10129
10153,10130
10153,10153
10153,10160
10153,10162
10153,10200
10153,10202
10153,10246
10153,10262
10153,10287
10153,10288
10153,10297
10153,10306
10153,10330
10153,10336
10153,10339
10154,10005
10154,10154
10154,10213
10155,10080
10155,10081
10155,10134
10155,10155
10155,10158
10155,10331
10156,10001
10156,10004
10156,10005
10156,10033
10156,10034
10156,10035
10156,10036
10156,10037
10156,10038
10156,10043
10156,10044
10156,10045
10156,10046
10156,10047
10156,10048
10156,10050
10156,10052
10156,10054
10156,10057
10156,10080
10156,10081
10156,10086
10156,10087
10156,10088
10156,10089
10156,10090
10156,10091
10156,10092
10156,10094
10156,10095
10156,10096
10156,10097
10156,10104
10156,10126
10156,10127
10156,10134
10156,10136
10156,10140
10156,10154
10156,10155
10156,10156
10156,10158
10156,10163
10156,10164
10156,10165
10156,10166
10156,10167
10156,10168
10156,10169
10156,10170
10156,10171
10156,10176
10156,10177
10156,10178
10156,10179
10156,10197
10156,10199
10156,10201
10156,10205
10156,10207
10156,10208
10156,10209
10156,10210
10156,10212
10156,10213
10156,10214
10156,10243
10156,10244
10156,10249
10156,10250
10156,10252
10156,10254
10156,10255
10156,10256
10156,10257
10156,10259
10156,10261
10156,10264
10156,10265
10156,10289
10156,10291
10156,10293
10156,10294
10156,10295
10156,10296
10156,10300
10156,10301
10156,10302
10156,10303
10156,10304
10156,10331
10156,10332
10156,10334
10156,10335
10156,10342
10156,10344
10156,10345
10156,10346
10157,10022
10157,10131
10157,10157
10158,10158
10159,10093
10159,10124
10159,10159
10159,10161
10159,10203
10159,10204
10159,10245
10159,10253
10159,10290
10159,10292
10159,10298
10159,10307
10159,10337
10159,10338
10159,10343
10160,10032
10160,10055
10160,10098
10160,10099
10160,10125
10160,10160
10160,10200
10160,10202
10160,10246
10161,10093
10161,10161
10161,10253
10161,10292
10161,10343
10162,10162
10163,10163
10164,10164
10164,10166
10164,10167
10164,10168
10165,10165
10166,10166
10166,10168
10167,10167
10168,10168
10169,10169
10170,10001
10170,10034
10170,10035
10170,10036
10170,10038
10170,10054
10170,10057
10170,10094
10170,10097
10170,10170
10170,10176
10170,10250
10170,10295
10170,10304
10170,10346
10171,10171
10172,10007
10172,10008
10172,10009
10172,10029
10172,10030
10172,10031
10172,10032
10172,10039
10172,10041
10172,10042
10172,10051
10172,10055
10172,10074
10172,10075
10172,10076
10172,10077
10172,10078
10172,10079
10172,10083
10172,10093
10172,10098
10172,10099
10172,10119
10172,10120
10172,10124
10172,10125
10172,10128
10172,10129
10172,10130
10172,10133
10172,10135
10172,10150
10172,10152
10172,10153
10172,10159
10172,10160
10172,10161
10172,10162
10172,10172
10172,10173
10172,10195
10172,10200
10172,10202
10172,10203
10172,10204
10172,10211
10172,10236
10172,10237
10172,10238
10172,10242
10172,10245
10172,10246
10172,10253
10172,10262
10172,10281
10172,10283
10172,10285
10172,10287
10172,10288
10172,10290
10172,10292
10172,10297
10172,10298
10172,10306
10172,10307
10172,10327
10172,10328
10172,10330
10172,10333
10172,10336
10172,10337
10172,10338
10172,10339
10172,10341
10172,10343
10173,10007
10173,10008
10173,10009
10173,10029
10173,10030
10173,10031
10173,10032
10173,10039
10173,10041
10173,10042
10173,10051
10173,10055
10173,10074
10173,10075
10173,10076
10173,10077
10173,10078
10173,10079
10173,10083
10173,10093
10173,10098
10173,10099
10173,10119
10173,10120
10173,10124
10173,10125
10173,10128
10173,10129
10173,10130
10173,10133
10173,10135
10173,10150
10173,10152
10173,10153
10173,10159
10173,10160
10173,10161
10173,10162
10173,10173
10173,10195
10173,10200
10173,10202
10173,10203
10173,10204
10173,10211
10173,10236
10173,10237
10173,10238
10173,10242
10173,10245
10173,10246
10173,10253
10173,10262
10173,10283
10173,10285
10173,10287
10173,10288
10173,10290
10173,10292
10173,10297
10173,10298
10173,10306
10173,10307
10173,10327
10173,10328
10173,10330
10173,10333
10173,10336
10173,10337
10173,10338
10173,10339
10173,10341
10173,10343
10174,10006
10174,10024
10174,10027
10174,10053
10174,10070
10174,10115
10174,10118
10174,10174
10174,10206
10174,10235
10174,10248
10174,10277
10174,10280
10174,10321
10174,10325
10174,10340
10175,10001
10175,10004
10175,10005
10175,10033
10175,10034
10175,10035
10175,10036
10175,10037
10175,10038
10175,10040
10175,10043
10175,10044
10175,10045
10175,10046
10175,10047
10175,10048
10175,10050
10175,10052
10175,10054
10175,10056
10175,10057
10175,10080
10175,10081
10175,10084
10175,10086
10175,10087
10175,10088
10175,10089
10175,10090
10175,10091
10175,10092
10175,10094
10175,10095
10175,10096
10175,10097
10175,10104
10175,10121
10175,10122
10175,10123
10175,10126
10175,10127
10175,10134
10175,10136
10175,10140
10175,10148
10175,10149
10175,10151
10175,10154
10175,10155
10175,10156
10175,10158
10175,10163
10175,10164
10175,10165
10175,10166
10175,10167
10175,10168
10175,10169
10175,10170
10175,10171
10175,10175
10175,10176
10175,10177
10175,10178
10175,10179
10175,10197
10175,10198
10175,10199
10175,10201
10175,10205
10175,10207
10175,10208
10175,10209
10175,10210
10175,10212
10175,10213
10175,10214
10175,10241
10175,10243
10175,10244
10175,10249
10175,10250
10175,10252
10175,10254
10175,10255
10175,10256
10175,10257
10175,10259
10175,10261
10175,10264
10175,10265
10175,10284
10175,10286
10175,10289
10175,10291
10175,10293
10175,10294
10175,10295
10175,10296
10175,10299
10175,10300
10175,10301
10175,10302
10175,10303
10175,10304
10175,10331
10175,10332
10175,10334
10175,10335
10175,10342
10175,10344
10175,10345
10175,10346
10176,10176
10177,10050
10177,10140
10177,10177
10177,10243
10177,10300
10177,10301
10177,10303
10177,10335
10178,10178
10179,10179
10180,10002
10180,10065
10180,10067
10180,10069
10180,10113
10180,10117
10180,10137
10180,10139
10180,10147
10180,10180
10180,10185
10180,10227
10180,10239
10180,10247
10180,10258
10180,10276
10180,10309
10180,10318
10180,10329
10181,10017
10181,10058
10181,10063
10181,10066
10181,10068
10181,10071
10181,10101
10181,10103
10181,10107
10181,10108
10181,10109
10181,10110
10181,10146
10181,10181
10181,10196
10181,10225
10181,10228
10181,10230
10181,10240
10181,10268
10181,10270
10181,10275
10181,10305
10181,10312
10181,10323
10182,10022
10182,10131
10182,10157
10182,10182
10182,10251
10183,10183
10184,10184
10185,10185
10186,10116
10186,10186
10186,10278
10186,10308
10186,10322
10187,10187
10188,10188
10188,10189
10188,10311
10189,10189
10189,10311
10190,10145
10190,10190
10191,10002
10191,10065
10191,10067
10191,10069
10191,10072
10191,10113
10191,10117
10191,10137
10191,10138
10191,10139
10191,10147
10191,10180
10191,10185
10191,10191
10191,10221
10191,10227
10191,10239
10191,10247
10191,10258
10191,10276
10191,10309
10191,10318
10191,10329
10192,10001
10192,10004
10192,10005
10192,10006
10192,10007
10192,10008
10192,10009
10192,10024
10192,10025
10192,10026
10192,10027
10192,10028
10192,10029
10192,10030
10192,10031
10192,10032
10192,10033
10192,10034
10192,10035
10192,10036
10192,10037
10192,10038
10192,10039
10192,10040
10192,10041
10192,10042
10192,10043
10192,10044
10192,10045
10192,10046
10192,10047
10192,10048
10192,10050
10192,10051
10192,10052
10192,10053
10192,10054
10192,10055
10192,10056
10192,10057
10192,10070
10192,10074
10192,10075
10192,10076
10192,10077
10192,10078
10192,10079
10192,10080
10192,10081
10192,10083
10192,10084
10192,10085
10192,10086
10192,10087
10192,10088
10192,10089
10192,10090
10192,10091
10192,10092
10192,10093
10192,10094
10192,10095
10192,10096
10192,10097
10192,10098
10192,10099
10192,10104
10192,10115
10192,10116
10192,10118
10192,10119
10192,10120
10192,10121
10192,10122
10192,10123
10192,10124
10192,10125
10192,10126
10192,10127
10192,10128
10192,10129
10192,10130
10192,10133
10192,10134
10192,10135
10192,10136
10192,10140
10192,10148
10192,10149
10192,10150
10192,10151
10192,10152
10192,10153
10192,10154
10192,10155
10192,10156
10192,10158
10192,10159
10192,10160
10192,10161
10192,10162
10192,10163
10192,10164
10192,10165
10192,10166
10192,10167
10192,10168
10192,10169
10192,10170
10192,10171
10192,10172
10192,10173
10192,10174
10192,10175
10192,10176
10192,10177
10192,10178
10192,10179
10192,10186
10192,10192
10192,10193
10192,10194
10192,10195
10192,10197
10192,10198
10192,10199
10192,10200
10192,10201
10192,10202
10192,10203
10192,10204
10192,10205
10192,10206
10192,10207
10192,10208
10192,10209
10192,10210
10192,10211
10192,10212
10192,10213
10192,10214
10192,10215
10192,10234
10192,10235
10192,10236
10192,10237
10192,10238
10192,10241
10192,10242
10192,10243
10192,10244
10192,10245
10192,10246
10192,10248
10192,10249
10192,10250
10192,10252
10192,10253
10192,10254
10192,10255
10192,10256
10192,10257
10192,10259
10192,10261
10192,10262
10192,10264
10192,10265
10192,10277
10192,10278
10192,10279
10192,10280
10192,10281
10192,10282
10192,10283
10192,10284
10192,10285
10192,10286
10192,10287
10192,10288
10192,10289
10192,10290
10192,10291
10192,10292
10192,10293
10192,10294
10192,10295
10192,10296
10192,10297
10192,10298
10192,10299
10192,10300
10192,10301
10192,10302
10192,10303
10192,10304
10192,10306
10192,10307
10192,10308
10192,10321
10192,10322
10192,10324
10192,10325
10192,10326
10192,10327
10192,10328
10192,10330
10192,10331
10192,10332
10192,10333
10192,10334
10192,10335
10192,10336
10192,10337
10192,10338
10192,10339
10192,10340
10192,10341
10192,10342
10192,10343
10192,10344
10192,10345
10192,10346
10193,10193
10194,10194
10195,10007
10195,10008
10195,10009
10195,10029
10195,10030
10195,10031
10195,10032
10195,10041
10195,10042
10195,10051
10195,10055
10195,10074
10195,10075
10195,10076
10195,10077
10195,10078
10195,10079
10195,10083
10195,10093
10195,10098
10195,10099
10195,10119
10195,10120
10195,10124
10195,10125
10195,10128
10195,10129
10195,10130
10195,10133
10195,10135
10195,10150
10195,10152
10195,10153
10195,10159
10195,10160
10195,10161
10195,10162
10195,10195
10195,10200
10195,10202
10195,10203
10195,10204
10195,10211
10195,10238
10195,10242
10195,10245
10195,10246
10195,10253
10195,10262
10195,10283
10195,10285
10195,10287
10195,10288
10195,10290
10195,10292
10195,10297
10195,10298
10195,10306
10195,10307
10195,10327
10195,10328
10195,10330
10195,10333
10195,10336
10195,10337
10195,10338
10195,10339
10195,10343
10196,10058
10196,10066
10196,10068
10196,10103
10196,10146
10196,10196
10196,10228
10196,10275
10197,10005
10197,10080
10197,10081
10197,10134
10197,10154
10197,10155
10197,10158
10197,10197
10197,10213
10197,10331
10198,10198
10198,10299
10199,10199
10200,10032
10200,10055
10200,10098
10200,10099
10200,10200
10200,10202
10200,10246
10201,10001
10201,10033
10201,10034
10201,10035
10201,10036
10201,10037
10201,10038
10201,10043
10201,10044
10201,10045
10201,10046
10201,10047
10201,10048
10201,10054
10201,10057
10201,10086
10201,10087
10201,10088
10201,10089
10201,10090
10201,10091
10201,10092
10201,10094
10201,10095
10201,10096
10201,10097
10201,10126
10201,10127
10201,10136
10201,10163
10201,10164
10201,10165
10201,10166
10201,10167
10201,10168
10201,10169
10201,10170
10201,10171
10201,10176
10201,10178
10201,10179
10201,10201
10201,10205
10201,10207
10201,10208
10201,10209
10201,10210
10201,10212
10201,10214
10201,10249
10201,10250
10201,10252
10201,10254
10201,10255
10201,10256
10201,10257
10201,10259
10201,10261
10201,10264
10201,10265
10201,10289
10201,10291
10201,10293
10201,10294
10201,10295
10201,10296
10201,10302
10201,10304
10201,10342
10201,10344
10201,10345
10201,10346
10202,10032
10202,10098
10202,10099
10202,10202
10202,10246
10203,10093
10203,10161
10203,10203
10203,10253
10203,10290
10203,10292
10203,10338
10203,10343
10204,10204
10204,10307
10204,10337
10205,10001
10205,10033
10205,10034
10205,10035
10205,10036
10205,10037
10205,10038
10205,10043
10205,10044
10205,10045
10205,10046
10205,10047
10205,10048
10205,10054
10205,10057
10205,10086
10205,10087
10205,10088
10205,10089
10205,10090
10205,10091
10205,10092
10205,10094
10205,10095
10205,10096
10205,10097
10205,10126
10205,10127
10205,10136
10205,10163
10205,10164
10205,10165
10205,10166
10205,10167
10205,10168
10205,10169
10205,10170
10205,10171
10205,10176
10205,10178
10205,10179
10205,10205
10205,10207
10205,10208
10205,10209
10205,10210
10205,10212
10205,10214
10205,10249
10205,10250
10205,10252
10205,10254
10205,10255
10205,10256
10205,10257
10205,10259
10205,10261
10205,10264
10205,10265
10205,10289
10205,10291
10205,10293
10205,10294
10205,10295
10205,10296
10205,10302
10205,10304
10205,10342
10205,10344
10205,10345
10205,10346
10206,10206
10207,10001
10207,10033
10207,10034
10207,10035
10207,10036
10207,10037
10207,10038
10207,10047
10207,10054
10207,10057
10207,10091
10207,10092
10207,10094
10207,10095
10207,10096
10207,10097
10207,10127
10207,10136
10207,10169
10207,10170
10207,10171
10207,10176
10207,10179
10207,10207
10207,10208
10207,10209
10207,10210
10207,10214
10207,10250
10207,10252
10207,10254
10207,10255
10207,10256
10207,10257
10207,10264
10207,10265
10207,10295
10207,10296
10207,10304
10207,10345
10207,10346
10208,10001
10208,10033
10208,10034
10208,10035
10208,10036
10208,10037
10208,10038
10208,10047
10208,10054
10208,10057
10208,10091
10208,10092
10208,10094
10208,10095
10208,10096
10208,10097
10208,10127
10208,10136
10208,10169
10208,10170
10208,10171
10208,10176
10208,10179
10208,10208
10208,10209
10208,10210
10208,10214
10208,10250
10208,10252
10208,10254
10208,10255
10208,10256
10208,10257
10208,10264
10208,10265
10208,10295
10208,10296
10208,10304
10208,10345
10208,10346
10209,10001
10209,10033
10209,10034
10209,10035
10209,10036
10209,10037
10209,10038
10209,10047
10209,10054
10209,10057
10209,10094
10209,10095
10209,10096
10209,10097
10209,10127
10209,10136
10209,10169
10209,10170
10209,10176
10209,10179
10209,10209
10209,10210
10209,10250
10209,10256
10209,10257
10209,10264
10209,10265
10209,10295
10209,10296
10209,10304
10209,10345
10209,10346
10210,10210
10211,10211
10212,10212
10213,10213
10214,10091
10214,10214
10214,10252
10215,10001
10215,10004
10215,10005
10215,10028
10215,10033
10215,10034
10215,10035
10215,10036
10215,10037
10215,10038
10215,10040
10215,10043
10215,10044
10215,10045
10215,10046
10215,10047
10215,10048
10215,10050
10215,10052
10215,10054
10215,10056
10215,10057
10215,10080
10215,10081
10215,10084
10215,10086
10215,10087
10215,10088
10215,10089
10215,10090
10215,10091
10215,10092
10215,10094
10215,10095
10215,10096
10215,10097
10215,10104
10215,10121
10215,10122
10215,10123
10215,10126
10215,10127
10215,10134
10215,10136
10215,10140
10215,10148
10215,10149
10215,10151
10215,10154
10215,10155
10215,10156
10215,10158
10215,10163
10215,10164
10215,10165
10215,10166
10215,10167
10215,10168
10215,10169
10215,10170
10215,10171
10215,10175
10215,10176
10215,10177
10215,10178
10215,10179
10215,10194
10215,10197
10215,10198
10215,10199
10215,10201
10215,10205
10215,10207
10215,10208
10215,10209
10215,10210
10215,10212
10215,10213
10215,10214
10215,10215
10215,10241
10215,10243
10215,10244
10215,10249
10215,10250
10215,10252
10215,10254
10215,10255
10215,10256
10215,10257
10215,10259
10215,10261
10215,10264
10215,10265
10215,10282
10215,10284
10215,10286
10215,10289
10215,10291
10215,10293
10215,10294
10215,10295
10215,10296
10215,10299
10215,10300
10215,10301
10215,10302
10215,10303
10215,10304
10215,10324
10215,10331
10215,10332
10215,10334
10215,10335
10215,10342
10215,10344
10215,10345
10215,10346
10216,10062
10216,10142
10216,10216
10216,10274
10217,10003
10217,10014
10217,10017
10217,10021
10217,10058
10217,10061
10217,10063
10217,10066
10217,10068
10217,10071
10217,10100
10217,10101
10217,10103
10217,10105
10217,10106
10217,10107
10217,10108
10217,10109
10217,10110
10217,10132
10217,10141
10217,10146
10217,10181
10217,10188
10217,10189
10217,10196
10217,10217
10217,10218
10217,10219
10217,10224
10217,10225
10217,10228
10217,10230
10217,10231
10217,10240
10217,10267
10217,10268
10217,10270
10217,10272
10217,10275
10217,10305
10217,10311
10217,10312
10217,10323
10218,10014
10218,10132
10218,10188
10218,10189
10218,10218
10218,10311
10219,10219
10220,10001
10220,10002
10220,10004
10220,10005
10220,10006
10220,10007
10220,10008
10220,10009
10220,10010
10220,10015
10220,10018
10220,10019
10220,10023
10220,10024
10220,10025
10220,10026
10220,10027
10220,10028
10220,10029
10220,10030
10220,10031
10220,10032
10220,10033
10220,10034
10220,10035
10220,10036
10220,10037
10220,10038
10220,10039
10220,10040
10220,10041
10220,10042
10220,10043
10220,10044
10220,10045
10220,10046
10220,10047
10220,10048
10220,10049
10220,10050
10220,10051
10220,10052
10220,10053
10220,10054
10220,10055
10220,10056
10220,10057
10220,10059
10220,10064
10220,10065
10220,10067
10220,10069
10220,10070
10220,10072
10220,10073
10220,10074
10220,10075
10220,10076
10220,10077
10220,10078
10220,10079
10220,10080
10220,10081
10220,10082
10220,10083
10220,10084
10220,10085
10220,10086
10220,10087
10220,10088
10220,10089
10220,10090
10220,10091
10220,10092
10220,10093
10220,10094
10220,10095
10220,10096
10220,10097
10220,10098
10220,10099
10220,10102
10220,10104
10220,10112
10220,10113
10220,10114
10220,10115
10220,10116
10220,10117
10220,10118
10220,10119
10220,10120
10220,10121
10220,10122
10220,10123
10220,10124
10220,10125
10220,10126
10220,10127
10220,10128
10220,10129
10220,10130
10220,10133
10220,10134
10220,10135
10220,10136
10220,10137
10220,10138
10220,10139
10220,10140
10220,10143
10220,10144
10220,10147
10220,10148
10220,10149
10220,10150
10220,10151
10220,10152
10220,10153
10220,10154
10220,10155
10220,10156
10220,10158
10220,10159
10220,10160
10220,10161
10220,10162
10220,10163
10220,10164
10220,10165
10220,10166
10220,10167
10220,10168
10220,10169
10220,10170
10220,10171
10220,10172
10220,10173
10220,10174
10220,10175
10220,10176
10220,10177
10220,10178
10220,10179
10220,10180
10220,10183
10220,10185
10220,10186
10220,10191
10220,10192
10220,10193
10220,10194
10220,10195
10220,10197
10220,10198
10220,10199
10220,10200
10220,10201
10220,10202
10220,10203
10220,10204
10220,10205
10220,10206
10220,10207
10220,10208
10220,10209
10220,10210
10220,10211
10220,10212
10220,10213
10220,10214
10220,10215
10220,10220
10220,10221
10220,10222
10220,10223
10220,10226
10220,10227
10220,10229
10220,10233
10220,10234
10220,10235
10220,10236
10220,10237
10220,10238
10220,10239
10220,10241
10220,10242
10220,10243
10220,10244
10220,10245
10220,10246
10220,10247
10220,10248
10220,10249
10220,10250
10220,10252
10220,10253
10220,10254
10220,10255
10220,10256
10220,10257
10220,10258
10220,10259
10220,10260
10220,10261
10220,10262
10220,10263
10220,10264
10220,10265
10220,10271
10220,10276
10220,10277
10220,10278
10220,10279
10220,10280
10220,10281
10220,10282
10220,10283
10220,10284
10220,10285
10220,10286
10220,10287
10220,10288
10220,10289
10220,10290
10220,10291
10220,10292
10220,10293
10220,10294
10220,10295
10220,10296
10220,10297
10220,10298
10220,10299
10220,10300
10220,10301
10220,10302
10220,10303
10220,10304
10220,10306
10220,10307
10220,10308
10220,10309
10220,10313
10220,10318
10220,10319
10220,10320
10220,10321
10220,10322
10220,10324
10220,10325
10220,10326
10220,10327
10220,10328
10220,10329
10220,10330
10220,10331
10220,10332
10220,10333
10220,10334
10220,10335
10220,10336
10220,10337
10220,10338
10220,10339
10220,10340
10220,10341
10220,10342
10220,10343
10220,10344
10220,10345
10220,10346
10221,10002
10221,10065
10221,10067
10221,10069
10221,10113
10221,10117
10221,10137
10221,10139
10221,10147
10221,10180
10221,10185
10221,10221
10221,10227
10221,10239
10221,10247
10221,10258
10221,10276
10221,10309
10221,10318
10221,10329
10222,10001
10222,10004
10222,10005
10222,10006
10222,10007
10222,10008
10222,10009
10222,10024
10222,10025
10222,10026
10222,10027
10222,10028
10222,10029
10222,10030
10222,10031
10222,10032
10222,10033
10222,10034
10222,10035
10222,10036
10222,10037
10222,10038
10222,10039
10222,10040
10222,10041
10222,10042
10222,10043
10222,10044
10222,10045
10222,10046
10222,10047
10222,10048
10222,10050
10222,10051
10222,10052
10222,10053
10222,10054
10222,10055
10222,10056
10222,10057
10222,10064
10222,10070
10222,10074
10222,10075
10222,10076
10222,10077
10222,10078
10222,10079
10222,10080
10222,10081
10222,10082
10222,10083
10222,10084
10222,10085
10222,10086
10222,10087
10222,10088
10222,10089
10222,10090
10222,10091
10222,10092
10222,10093
10222,10094
10222,10095
10222,10096
10222,10097
10222,10098
10222,10099
10222,10102
10222,10104
10222,10114
10222,10115
10222,10116
10222,10118
10222,10119
10222,10120
10222,10121
10222,10122
10222,10123
10222,10124
10222,10125
10222,10126
10222,10127
10222,10128
10222,10129
10222,10130
10222,10133
10222,10134
10222,10135
10222,10136
10222,10140
10222,10148
10222,10149
10222,10150
10222,10151
10222,10152
10222,10153
10222,10154
10222,10155
10222,10156
10222,10158
10222,10159
10222,10160
10222,10161
10222,10162
10222,10163
10222,10164
10222,10165
10222,10166
10222,10167
10222,10168
10222,10169
10222,10170
10222,10171
10222,10172
10222,10173
10222,10174
10222,10175
10222,10176
10222,10177
10222,10178
10222,10179
10222,10186
10222,10192
10222,10193
10222,10194
10222,10195
10222,10197
10222,10198
10222,10199
10222,10200
10222,10201
10222,10202
10222,10203
10222,10204
10222,10205
10222,10206
10222,10207
10222,10208
10222,10209
10222,10210
10222,10211
10222,10212
10222,10213
10222,10214
10222,10215
10222,10222
10222,10226
10222,10234
10222,10235
10222,10236
10222,10237
10222,10238
10222,10241
10222,10242
10222,10243
10222,10244
10222,10245
10222,10246
10222,10248
10222,10249
10222,10250
10222,10252
10222,10253
10222,10254
10222,10255
10222,10256
10222,10257
10222,10259
10222,10261
10222,10262
10222,10263
10222,10264
10222,10265
10222,10277
10222,10278
10222,10279
10222,10280
10222,10281
10222,10282
10222,10283
10222,10284
10222,10285
10222,10286
10222,10287
10222,10288
10222,10289
10222,10290
10222,10291
10222,10292
10222,10293
10222,10294
10222,10295
10222,10296
10222,10297
10222,10298
10222,10299
10222,10300
10222,10301
10222,10302
10222,10303
10222,10304
10222,10306
10222,10307
10222,10308
10222,10319
10222,10320
10222,10321
10222,10322
10222,10324
10222,10325
10222,10326
10222,10327
10222,10328
10222,10330
10222,10331
10222,10332
10222,10333
10222,10334
10222,10335
10222,10336
10222,10337
10222,10338
10222,10339
10222,10340
10222,10341
10222,10342
10222,10343
10222,10344
10222,10345
10222,10346
10223,10049
10223,10223
10223,10229
10223,10271
10224,10014
10224,10017
10224,10021
10224,10058
10224,10063
10224,10066
10224,10068
10224,10071
10224,10100
10224,10101
10224,10103
10224,10107
10224,10108
10224,10109
10224,10110
10224,10132
10224,10146
10224,10181
10224,10188
10224,10189
10224,10196
10224,10218
10224,10224
10224,10225
10224,10228
10224,10230
10224,10231
10224,10240
10224,10267
10224,10268
10224,10270
10224,10275
10224,10305
10224,10311
10224,10312
10224,10323
10225,10058
10225,10066
10225,10068
10225,10103
10225,10146
10225,10196
10225,10225
10225,10228
10225,10275
10225,10305
10226,10001
10226,10004
10226,10005
10226,10006
10226,10007
10226,10008
10226,10009
10226,10024
10226,10025
10226,10026
10226,10027
10226,10028
10226,10029
10226,10030
10226,10031
10226,10032
10226,10033
10226,10034
10226,10035
10226,10036
10226,10037
10226,10038
10226,10039
10226,10040
10226,10041
10226,10042
10226,10043
10226,10044
10226,10045
10226,10046
10226,10047
10226,10048
10226,10050
10226,10051
10226,10052
10226,10053
10226,10054
10226,10055
10226,10056
10226,10057
10226,10070
10226,10074
10226,10075
10226,10076
10226,10077
10226,10078
10226,10079
10226,10080
10226,10081
10226,10083
10226,10084
10226,10085
10226,10086
10226,10087
10226,10088
10226,10089
10226,10090
10226,10091
10226,10092
10226,10093
10226,10094
10226,10095
10226,10096
10226,10097
10226,10098
10226,10099
10226,10104
10226,10114
10226,10115
10226,10116
10226,10118
10226,10119
10226,10120
10226,10121
10226,10122
10226,10123
10226,10124
10226,10125
10226,10126
10226,10127
10226,10128
10226,10129
10226,10130
10226,10133
10226,10134
10226,10135
10226,10136
10226,10140
10226,10148
10226,10149
10226,10150
10226,10151
10226,10152
10226,10153
10226,10154
10226,10155
10226,10156
10226,10158
10226,10159
10226,10160
10226,10161
10226,10162
10226,10163
10226,10164
10226,10165
10226,10166
10226,10167
10226,10168
10226,10169
10226,10170
10226,10171
10226,10172
10226,10173
10226,10174
10226,10175
10226,10176
10226,10177
10226,10178
10226,10179
10226,10186
10226,10192
10226,10193
10226,10194
10226,10195
10226,10197
10226,10198
10226,10199
10226,10200
10226,10201
10226,10202
10226,10203
10226,10204
10226,10205
10226,10206
10226,10207
10226,10208
10226,10209
10226,10210
10226,10211
10226,10212
10226,10213
10226,10214
10226,10215
10226,10226
10226,10234
10226,10235
10226,10236
10226,10237
10226,10238
10226,10241
10226,10242
10226,10243
10226,10244
10226,10245
10226,10246
10226,10248
10226,10249
10226,10250
10226,10252
10226,10253
10226,10254
10226,10255
10226,10256
10226,10257
10226,10259
10226,10261
10226,10262
10226,10264
10226,10265
10226,10277
10226,10278
10226,10279
10226,10280
10226,10281
10226,10282
10226,10283
10226,10284
10226,10285
10226,10286
10226,10287
10226,10288
10226,10289
10226,10290
10226,10291
10226,10292
10226,10293
10226,10294
10226,10295
10226,10296
10226,10297
10226,10298
10226,10299
10226,10300
10226,10301
10226,10302
10226,10303
10226,10304
10226,10306
10226,10307
10226,10308
10226,10319
10226,10320
10226,10321
10226,10322
10226,10324
10226,10325
10226,10326
10226,10327
10226,10328
10226,10330
10226,10331
10226,10332
10226,10333
10226,10334
10226,10335
10226,10336
10226,10337
10226,10338
10226,10339
10226,10340
10226,10341
10226,10342
10226,10343
10226,10344
10226,10345
10226,10346
10227,10002
10227,10069
10227,10113
10227,10117
10227,10137
10227,10139
10227,10147
10227,10227
10227,10247
10227,10258
10227,10276
10227,10318
10228,10228
10229,10229
10230,10230
10231,10231
10232,10016
10232,10145
10232,10190
10232,10232
10233,10018
10233,10023
10233,10112
10233,10144
10233,10233
10234,10006
10234,10024
10234,10026
10234,10027
10234,10053
10234,10070
10234,10085
10234,10115
10234,10118
10234,10174
10234,10193
10234,10206
10234,10234
10234,10235
10234,10248
10234,10277
10234,10279
10234,10280
10234,10321
10234,10325
10234,10326
10234,10340
10235,10006
10235,10027
10235,10235
10236,10236
10236,10237
10237,10237
10238,10238
10239,10239
10240,10240
10241,10241
10242,10007
10242,10008
10242,10009
10242,10030
10242,10031
10242,10032
10242,10041
10242,10042
10242,10051
10242,10055
10242,10074
10242,10075
10242,10076
10242,10077
10242,10078
10242,10079
10242,10083
10242,10093
10242,10098
10242,10099
10242,10119
10242,10120
10242,10124
10242,10125
10242,10128
10242,10129
10242,10130
10242,10133
10242,10135
10242,10150
10242,10152
10242,10153
10242,10159
10242,10160
10242,10161
10242,10162
10242,10200
10242,10202
10242,10203
10242,10204
10242,10211
10242,10238
10242,10242
10242,10245
10242,10246
10242,10253
10242,10262
10242,10283
10242,10285
10242,10287
10242,10288
10242,10290
10242,10292
10242,10297
10242,10298
10242,10306
10242,10307
10242,10327
10242,10328
10242,10330
10242,10333
10242,10336
10242,10337
10242,10338
10242,10339
10242,10343
10243,10243
10244,10001
10244,10033
10244,10034
10244,10035
10244,10036
10244,10037
10244,10038
10244,10043
10244,10044
10244,10045
10244,10046
10244,10047
10244,10048
10244,10050
10244,10054
10244,10057
10244,10086
10244,10087
10244,10088
10244,10089
10244,10090
10244,10091
10244,10092
10244,10094
10244,10095
10244,10096
10244,10097
10244,10126
10244,10127
10244,10136
10244,10140
10244,10163
10244,10164
10244,10165
10244,10166
10244,10167
10244,10168
10244,10169
10244,10170
10244,10171
10244,10176
10244,10177
10244,10178
10244,10179
10244,10201
10244,10205
10244,10207
10244,10208
10244,10209
10244,10210
10244,10212
10244,10214
10244,10243
10244,10244
10244,10249
10244,10250
10244,10252
10244,10254
10244,10255
10244,10256
10244,10257
10244,10259
10244,10261
10244,10264
10244,10265
10244,10289
10244,10291
10244,10293
10244,10294
10244,10295
10244,10296
10244,10300
10244,10301
10244,10302
10244,10303
10244,10304
10244,10335
10244,10342
10244,10344
10244,10345
10244,10346
10245,10245
10246,10246
10247,10247
10248,10248
10249,10001
10249,10033
10249,10034
10249,10035
10249,10036
10249,10037
10249,10038
10249,10043
10249,10044
10249,10045
10249,10046
10249,10047
10249,10048
10249,10054
10249,10057
10249,10089
10249,10090
10249,10091
10249,10092
10249,10094
10249,10095
10249,10096
10249,10097
10249,10126
10249,10127
10249,10136
10249,10165
10249,10169
10249,10170
10249,10171
10249,10176
10249,10179
10249,10207
10249,10208
10249,10209
10249,10210
10249,10212
10249,10214
10249,10249
10249,10250
10249,10252
10249,10254
10249,10255
10249,10256
10249,10257
10249,10264
10249,10265
10249,10293
10249,10294
10249,10295
10249,10296
10249,10304
10249,10342
10249,10344
10249,10345
10249,10346
10250,10001
10250,10038
10250,10057
10250,10250
10250,10304
10251,10251
10252,10252
10253,10093
10253,10253
10254,10001
10254,10033
10254,10034
10254,10035
10254,10036
10254,10037
10254,10038
10254,10047
10254,10054
10254,10057
10254,10092
10254,10094
10254,10095
10254,10096
10254,10097
10254,10127
10254,10136
10254,10169
10254,10170
10254,10171
10254,10176
10254,10179
10254,10209
10254,10210
10254,10250
10254,10254
10254,10255
10254,10256
10254,10257
10254,10264
10254,10265
10254,10295
10254,10296
10254,10304
10254,10345
10254,10346
10255,10255
10256,10033
10256,10256
10256,10257
10257,10257
10258,10002
10258,10069
10258,10117
10258,10137
10258,10139
10258,10147
10258,10247
10258,10258
10258,10276
10258,10318
10259,10259
10260,10260
10261,10164
10261,10166
10261,10167
10261,10168
10261,10178
10261,10261
10262,10262
10263,10263
10264,10264
10264,10296
10265,10037
10265,10095
10265,10096
10265,10136
10265,10179
10265,10210
10265,10265
10266,10062
10266,10142
10266,10184
10266,10216
10266,10266
10266,10274
10267,10017
10267,10021
10267,10058
10267,10063
10267,10066
10267,10068
10267,10071
10267,10100
10267,10101
10267,10103
10267,10107
10267,10108
10267,10109
10267,10110
10267,10146
10267,10181
10267,10196
10267,10225
10267,10228
10267,10230
10267,10231
10267,10240
10267,10267
10267,10268
10267,10270
10267,10275
10267,10305
10267,10312
10267,10323
10268,10230
10268,10268
10269,10111
10269,10269
10270,10058
10270,10066
10270,10068
10270,10103
10270,10146
10270,10196
10270,10225
10270,10228
10270,10240
10270,10270
10270,10275
10270,10305
10271,10049
10271,10229
10271,10271
10272,10272
10273,10001
10273,10002
10273,10004
10273,10005
10273,10006
10273,10007
10273,10008
10273,10009
10273,10010
10273,10013
10273,10015
10273,10018
10273,10019
10273,10020
10273,10022
10273,10023
10273,10024
10273,10025
10273,10026
10273,10027
10273,10028
10273,10029
10273,10030
10273,10031
10273,10032
10273,10033
10273,10034
10273,10035
10273,10036
10273,10037
10273,10038
10273,10039
10273,10040
10273,10041
10273,10042
10273,10043
10273,10044
10273,10045
10273,10046
10273,10047
10273,10048
10273,10049
10273,10050
10273,10051
10273,10052
10273,10053
10273,10054
10273,10055
10273,10056
10273,10057
10273,10059
10273,10064
10273,10065
10273,10067
10273,10069
10273,10070
10273,10072
10273,10073
10273,10074
10273,10075
10273,10076
10273,10077
10273,10078
10273,10079
10273,10080
10273,10081
10273,10082
10273,10083
10273,10084
10273,10085
10273,10086
10273,10087
10273,10088
10273,10089
10273,10090
10273,10091
10273,10092
10273,10093
10273,10094
10273,10095
10273,10096
10273,10097
10273,10098
10273,10099
10273,10102
10273,10104
10273,10112
10273,10113
10273,10114
10273,10115
10273,10116
10273,10117
10273,10118
10273,10119
10273,10120
10273,10121
10273,10122
10273,10123
10273,10124
10273,10125
10273,10126
10273,10127
10273,10128
10273,10129
10273,10130
10273,10131
10273,10133
10273,10134
10273,10135
10273,10136
10273,10137
10273,10138
10273,10139
10273,10140
10273,10143
10273,10144
10273,10147
10273,10148
10273,10149
10273,10150
10273,10151
10273,10152
10273,10153
10273,10154
10273,10155
10273,10156
10273,10157
10273,10158
10273,10159
10273,10160
10273,10161
10273,10162
10273,10163
10273,10164
10273,10165
10273,10166
10273,10167
10273,10168
10273,10169
10273,10170
10273,10171
10273,10172
10273,10173
10273,10174
10273,10175
10273,10176
10273,10177
10273,10178
10273,10179
10273,10180
10273,10182
10273,10183
10273,10185
10273,10186
10273,10187
10273,10191
10273,10192
10273,10193
10273,10194
10273,10195
10273,10197
10273,10198
10273,10199
10273,10200
10273,10201
10273,10202
10273,10203
10273,10204
10273,10205
10273,10206
10273,10207
10273,10208
10273,10209
10273,10210
10273,10211
10273,10212
10273,10213
10273,10214
10273,10215
10273,10220
10273,10221
10273,10222
10273,10223
10273,10226
10273,10227
10273,10229
10273,10233
10273,10234
10273,10235
10273,10236
10273,10237
10273,10238
10273,10239
10273,10241
10273,10242
10273,10243
10273,10244
10273,10245
10273,10246
10273,10247
10273,10248
10273,10249
10273,10250
10273,10251
10273,10252
10273,10253
10273,10254
10273,10255
10273,10256
10273,10257
10273,10258
10273,10259
10273,10260
10273,10261
10273,10262
10273,10263
10273,10264
10273,10265
10273,10271
10273,10273
10273,10276
10273,10277
10273,10278
10273,10279
10273,10280
10273,10281
10273,10282
10273,10283
10273,10284
10273,10285
10273,10286
10273,10287
10273,10288
10273,10289
10273,10290
10273,10291
10273,10292
10273,10293
10273,10294
10273,10295
10273,10296
10273,10297
10273,10298
10273,10299
10273,10300
10273,10301
10273,10302
10273,10303
10273,10304
10273,10306
10273,10307
10273,10308
10273,10309
10273,10310
10273,10313
10273,10316
10273,10317
10273,10318
10273,10319
10273,10320
10273,10321
10273,10322
10273,10324
10273,10325
10273,10326
10273,10327
10273,10328
10273,10329
10273,10330
10273,10331
10273,10332
10273,10333
10273,10334
10273,10335
10273,10336
10273,10337
10273,10338
10273,10339
10273,10340
10273,10341
10273,10342
10273,10343
10273,10344
10273,10345
10273,10346
10274,10062
10274,10142
10274,10274
10275,10146
10275,10275
10276,10139
10276,10276
10277,10024
10277,10053
10277,10070
10277,10115
10277,10118
10277,10248
10277,10277
10277,10321
10278,10278
10279,10006
10279,10024
10279,10026
10279,10027
10279,10053
10279,10070
10279,10115
10279,10118
10279,10174
10279,10206
10279,10235
10279,10248
10279,10277
10279,10279
10279,10280
10279,10321
10279,10325
10279,10340
10280,10024
10280,10053
10280,10070
10280,10115
10280,10118
10280,10206
10280,10248
10280,10277
10280,10280
10280,10321
10280,10325
10280,10340
10281,10281
10282,10001
10282,10004
10282,10005
10282,10028
10282,10033
10282,10034
10282,10035
10282,10036
10282,10037
10282,10038
10282,10040
10282,10043
10282,10044
10282,10045
10282,10046
10282,10047
10282,10048
10282,10050
10282,10052
10282,10054
10282,10056
10282,10057
10282,10080
10282,10081
10282,10084
10282,10086
10282,10087
10282,10088
10282,10089
10282,10090
10282,10091
10282,10092
10282,10094
10282,10095
10282,10096
10282,10097
10282,10104
10282,10121
10282,10122
10282,10123
10282,10126
10282,10127
10282,10134
10282,10136
10282,10140
10282,10148
10282,10149
10282,10151
10282,10154
10282,10155
10282,10156
10282,10158
10282,10163
10282,10164
10282,10165
10282,10166
10282,10167
10282,10168
10282,10169
10282,10170
10282,10171
10282,10175
10282,10176
10282,10177
10282,10178
10282,10179
10282,10197
10282,10198
10282,10199
10282,10201
10282,10205
10282,10207
10282,10208
10282,10209
10282,10210
10282,10212
10282,10213
10282,10214
10282,10241
10282,10243
10282,10244
10282,10249
10282,10250
10282,10252
10282,10254
10282,10255
10282,10256
10282,10257
10282,10259
10282,10261
10282,10264
10282,10265
10282,10282
10282,10284
10282,10286
10282,10289
10282,10291
10282,10293
10282,10294
10282,10295
10282,10296
10282,10299
10282,10300
10282,10301
10282,10302
10282,10303
10282,10304
10282,10331
10282,10332
10282,10334
10282,10335
10282,10342
10282,10344
10282,10345
10282,10346
10283,10030
10283,10051
10283,10077
10283,10119
10283,10120
10283,10133
10283,10135
10283,10150
10283,10211
10283,10238
10283,10283
10283,10285
10284,10284
10285,10211
10285,10285
10286,10198
10286,10286
10286,10299
10287,10287
10288,10007
10288,10287
10288,10288
10289,10289
10290,10290
10291,10001
10291,10033
10291,10034
10291,10035
10291,10036
10291,10037
10291,10038
10291,10043
10291,10044
10291,10045
10291,10046
10291,10047
10291,10048
10291,10054
10291,10057
10291,10089
10291,10090
10291,10091
10291,10092
10291,10094
10291,10095
10291,10096
10291,10097
10291,10126
10291,10127
10291,10136
10291,10165
10291,10169
10291,10170
10291,10171
10291,10176
10291,10179
10291,10207
10291,10208
10291,10209
10291,10210
10291,10212
10291,10214
10291,10249
10291,10250
10291,10252
10291,10254
10291,10255
10291,10256
10291,10257
10291,10259
10291,10264
10291,10265
10291,10291
10291,10293
10291,10294
10291,10295
10291,10296
10291,10304
10291,10342
10291,10344
10291,10345
10291,10346
10292,10093
10292,10253
10292,10292
10292,10343
10293,10293
10294,10048
10294,10294
10295,10001
10295,10036
10295,10038
10295,10057
10295,10176
10295,10250
10295,10295
10295,10304
10295,10346
10296,10296
10297,10297
10298,10245
10298,10298
10299,10299
10300,10300
10300,10301
10301,10301
10302,10086
10302,10289
10302,10302
10303,10303
10304,10304
10305,10305
10306,10007
10306,10287
10306,10288
10306,10297
10306,10306
10307,10307
10308,10308
10309,10002
10309,10065
10309,10067
10309,10069
10309,10113
10309,10117
10309,10137
10309,10139
10309,10147
10309,10185
10309,10227
10309,10247
10309,10258
10309,10276
10309,10309
10309,10318
10309,10329
10310,10187
10310,10310
10311,10311
10312,10312
10313,10313
10314,10001
10314,10002
10314,10003
10314,10004
10314,10005
10314,10006
10314,10007
10314,10008
10314,10009
10314,10010
10314,10012
10314,10013
10314,10014
10314,10015
10314,10017
10314,10018
10314,10019
10314,10020
10314,10021
10314,10022
10314,10023
10314,10024
10314,10025
10314,10026
10314,10027
10314,10028
10314,10029
10314,10030
10314,10031
10314,10032
10314,10033
10314,10034
10314,10035
10314,10036
10314,10037
10314,10038
10314,10039
10314,10040
10314,10041
10314,10042
10314,10043
10314,10044
10314,10045
10314,10046
10314,10047
10314,10048
10314,10049
10314,10050
10314,10051
10314,10052
10314,10053
10314,10054
10314,10055
10314,10056
10314,10057
10314,10058
10314,10059
10314,10061
10314,10063
10314,10064
10314,10065
10314,10066
10314,10067
10314,10068
10314,10069
10314,10070
10314,10071
10314,10072
10314,10073
10314,10074
10314,10075
10314,10076
10314,10077
10314,10078
10314,10079
10314,10080
10314,10081
10314,10082
10314,10083
10314,10084
10314,10085
10314,10086
10314,10087
10314,10088
10314,10089
10314,10090
10314,10091
10314,10092
10314,10093
10314,10094
10314,10095
10314,10096
10314,10097
10314,10098
10314,10099
10314,10100
10314,10101
10314,10102
10314,10103
10314,10104
10314,10105
10314,10106
10314,10107
10314,10108
10314,10109
10314,10110
10314,10112
10314,10113
10314,10114
10314,10115
10314,10116
10314,10117
10314,10118
10314,10119
10314,10120
10314,10121
10314,10122
10314,10123
10314,10124
10314,10125
10314,10126
10314,10127
10314,10128
10314,10129
10314,10130
10314,10131
10314,10132
10314,10133
10314,10134
10314,10135
10314,10136
10314,10137
10314,10138
10314,10139
10314,10140
10314,10141
10314,10143
10314,10144
10314,10146
10314,10147
10314,10148
10314,10149
10314,10150
10314,10151
10314,10152
10314,10153
10314,10154
10314,10155
10314,10156
10314,10157
10314,10158
10314,10159
10314,10160
10314,10161
10314,10162
10314,10163
10314,10164
10314,10165
10314,10166
10314,10167
10314,10168
10314,10169
10314,10170
10314,10171
10314,10172
10314,10173
10314,10174
10314,10175
10314,10176
10314,10177
10314,10178
10314,10179
10314,10180
10314,10181
10314,10182
10314,10183
10314,10185
10314,10186
10314,10187
10314,10188
10314,10189
10314,10191
10314,10192
10314,10193
10314,10194
10314,10195
10314,10196
10314,10197
10314,10198
10314,10199
10314,10200
10314,10201
10314,10202
10314,10203
10314,10204
10314,10205
10314,10206
10314,10207
10314,10208
10314,10209
10314,10210
10314,10211
10314,10212
10314,10213
10314,10214
10314,10215
10314,10217
10314,10218
10314,10219
10314,10220
10314,10221
10314,10222
10314,10223
10314,10224
10314,10225
10314,10226
10314,10227
10314,10228
10314,10229
10314,10230
10314,10231
10314,10233
10314,10234
10314,10235
10314,10236
10314,10237
10314,10238
10314,10239
10314,10240
10314,10241
10314,10242
10314,10243
10314,10244
10314,10245
10314,10246
10314,10247
10314,10248
10314,10249
10314,10250
10314,10251
10314,10252
10314,10253
10314,10254
10314,10255
10314,10256
10314,10257
10314,10258
10314,10259
10314,10260
10314,10261
10314,10262
10314,10263
10314,10264
10314,10265
10314,10267
10314,10268
10314,10270
10314,10271
10314,10272
10314,10273
10314,10275
10314,10276
10314,10277
10314,10278
10314,10279
10314,10280
10314,10281
10314,10282
10314,10283
10314,10284
10314,10285
10314,10286
10314,10287
10314,10288
10314,10289
10314,10290
10314,10291
10314,10292
10314,10293
10314,10294
10314,10295
10314,10296
10314,10297
10314,10298
10314,10299
10314,10300
10314,10301
10314,10302
10314,10303
10314,10304
10314,10305
10314,10306
10314,10307
10314,10308
10314,10309
10314,10310
10314,10311
10314,10312
10314,10313
10314,10314
10314,10316
10314,10317
10314,10318
10314,10319
10314,10320
10314,10321
10314,10322
10314,10323
10314,10324
10314,10325
10314,10326
10314,10327
10314,10328
10314,10329
10314,10330
10314,10331
10314,10332
10314,10333
10314,10334
10314,10335
10314,10336
10314,10337
10314,10338
10314,10339
10314,10340
10314,10341
10314,10342
10314,10343
10314,10344
10314,10345
10314,10346
10315,10001
10315,10002
10315,10003
10315,10004
10315,10005
10315,10006
10315,10007
10315,10008
10315,10009
10315,10010
10315,10011
10315,10012
10315,10013
10315,10014
10315,10015
10315,10016
10315,10017
10315,10018
10315,10019
10315,10020
10315,10021
10315,10022
10315,10023
10315,10024
10315,10025
10315,10026
10315,10027
10315,10028
10315,10029
10315,10030
10315,10031
10315,10032
10315,10033
10315,10034
10315,10035
10315,10036
10315,10037
10315,10038
10315,10039
10315,10040
10315,10041
10315,10042
10315,10043
10315,10044
10315,10045
10315,10046
10315,10047
10315,10048
10315,10049
10315,10050
10315,10051
10315,10052
10315,10053
10315,10054
10315,10055
10315,10056
10315,10057
10315,10058
10315,10059
10315,10060
10315,10061
10315,10062
10315,10063
10315,10064
10315,10065
10315,10066
10315,10067
10315,10068
10315,10069
10315,10070
10315,10071
10315,10072
10315,10073
10315,10074
10315,10075
10315,10076
10315,10077
10315,10078
10315,10079
10315,10080
10315,10081
10315,10082
10315,10083
10315,10084
10315,10085
10315,10086
10315,10087
10315,10088
10315,10089
10315,10090
10315,10091
10315,10092
10315,10093
10315,10094
10315,10095
10315,10096
10315,10097
10315,10098
10315,10099
10315,10100
10315,10101
10315,10102
10315,10103
10315,10104
10315,10105
10315,10106
10315,10107
10315,10108
10315,10109
10315,10110
10315,10111
10315,10112
10315,10113
10315,10114
10315,10115
10315,10116
10315,10117
10315,10118
10315,10119
10315,10120
10315,10121
10315,10122
10315,10123
10315,10124
10315,10125
10315,10126
10315,10127
10315,10128
10315,10129
10315,10130
10315,10131
10315,10132
10315,10133
10315,10134
10315,10135
10315,10136
10315,10137
10315,10138
10315,10139
10315,10140
10315,10141
10315,10142
10315,10143
10315,10144
10315,10145
10315,10146
10315,10147
10315,10148
10315,10149
10315,10150
10315,10151
10315,10152
10315,10153
10315,10154
10315,10155
10315,10156
10315,10157
10315,10158
10315,10159
10315,10160
10315,10161
10315,10162
10315,10163
10315,10164
10315,10165
10315,10166
10315,10167
10315,10168
10315,10169
10315,10170
10315,10171
10315,10172
10315,10173
10315,10174
10315,10175
10315,10176
10315,10177
10315,10178
10315,10179
10315,10180
10315,10181
10315,10182
10315,10183
10315,10184
10315,10185
10315,10186
10315,10187
10315,10188
10315,10189
10315,10190
10315,10191
10315,10192
10315,10193
10315,10194
10315,10195
10315,10196
10315,10197
10315,10198
10315,10199
10315,10200
10315,10201
10315,10202
10315,10203
10315,10204
10315,10205
10315,10206
10315,10207
10315,10208
10315,10209
10315,10210
10315,10211
10315,10212
10315,10213
10315,10214
10315,10215
10315,10216
10315,10217
10315,10218
10315,10219
10315,10220
10315,10221
10315,10222
10315,10223
10315,10224
10315,10225
10315,10226
10315,10227
10315,10228
10315,10229
10315,10230
10315,10231
10315,10232
10315,10233
10315,10234
10315,10235
10315,10236
10315,10237
10315,10238
10315,10239
10315,10240
10315,10241
10315,10242
10315,10243
10315,10244
10315,10245
10315,10246
10315,10247
10315,10248
10315,10249
10315,10250
10315,10251
10315,10252
10315,10253
10315,10254
10315,10255
10315,10256
10315,10257
10315,10258
10315,10259
10315,10260
10315,10261
10315,10262
10315,10263
10315,10264
10315,10265
10315,10266
10315,10267
10315,10268
10315,10269
10315,10270
10315,10271
10315,10272
10315,10273
10315,10274
10315,10275
10315,10276
10315,10277
10315,10278
10315,10279
10315,10280
10315,10281
10315,10282
10315,10283
10315,10284
10315,10285
10315,10286
10315,10287
10315,10288
10315,10289
10315,10290
10315,10291
10315,10292
10315,10293
10315,10294
10315,10295
10315,10296
10315,10297
10315,10298
10315,10299
10315,10300
10315,10301
10315,10302
10315,10303
10315,10304
10315,10305
10315,10306
10315,10307
10315,10308
10315,10309
10315,10310
10315,10311
10315,10312
10315,10313
10315,10314
10315,10315
10315,10316
10315,10317
10315,10318
10315,10319
10315,10320
10315,10321
10315,10322
10315,10323
10315,10324
10315,10325
10315,10326
10315,10327
10315,10328
10315,10329
10315,10330
10315,10331
10315,10332
10315,10333
10315,10334
10315,10335
10315,10336
10315,10337
10315,10338
10315,10339
10315,10340
10315,10341
10315,10342
10315,10343
10315,10344
10315,10345
10315,10346
10316,10022
10316,10131
10316,10157
10316,10182
10316,10251
10316,10316
10316,10317
10317,10317
10318,10318
10319,10319
10320,10320
10321,10321
10322,10116
10322,10278
10322,10308
10322,10322
10323,10017
10323,10058
10323,10066
10323,10068
10323,10071
10323,10103
10323,10110
10323,10146
10323,10196
10323,10225
10323,10228
10323,10240
10323,10270
10323,10275
10323,10305
10323,10323
10324,10194
10324,10324
10325,10024
10325,10053
10325,10070
10325,10115
10325,10118
10325,10206
10325,10248
10325,10277
10325,10321
10325,10325
10326,10006
10326,10024
10326,10026
10326,10027
10326,10053
10326,10070
10326,10085
10326,10115
10326,10118
10326,10174
10326,10193
10326,10206
10326,10235
10326,10248
10326,10277
10326,10279
10326,10280
10326,10321
10326,10325
10326,10326
10326,10340
10327,10327
10328,10328
10329,10002
10329,10065
10329,10069
10329,10113
10329,10117
10329,10137
10329,10139
10329,10147
10329,10227
10329,10247
10329,10258
10329,10276
10329,10318
10329,10329
10330,10007
10330,10032
10330,10055
10330,10098
10330,10099
10330,10125
10330,10129
10330,10160
10330,10200
10330,10202
10330,10246
10330,10287
10330,10288
10330,10297
10330,10306
10330,10330
10331,10331
10332,10004
10332,10052
10332,10332
10333,10333
10334,10001
10334,10004
10334,10005
10334,10033
10334,10034
10334,10035
10334,10036
10334,10037
10334,10038
10334,10043
10334,10044
10334,10045
10334,10046
10334,10047
10334,10048
10334,10050
10334,10052
10334,10054
10334,10057
10334,10080
10334,10081
10334,10086
10334,10087
10334,10088
10334,10089
10334,10090
10334,10091
10334,10092
10334,10094
10334,10095
10334,10096
10334,10097
10334,10104
10334,10126
10334,10127
10334,10134
10334,10136
10334,10140
10334,10154
10334,10155
10334,10158
10334,10163
10334,10164
10334,10165
10334,10166
10334,10167
10334,10168
10334,10169
10334,10170
10334,10171
10334,10176
10334,10177
10334,10178
10334,10179
10334,10197
10334,10199
10334,10201
10334,10205
10334,10207
10334,10208
10334,10209
10334,10210
10334,10212
10334,10213
10334,10214
10334,10243
10334,10244
10334,10249
10334,10250
10334,10252
10334,10254
10334,10255
10334,10256
10334,10257
10334,10259
10334,10261
10334,10264
10334,10265
10334,10289
10334,10291
10334,10293
10334,10294
10334,10295
10334,10296
10334,10300
10334,10301
10334,10302
10334,10303
10334,10304
10334,10331
10334,10332
10334,10334
10334,10335
10334,10342
10334,10344
10334,10345
10334,10346
10335,10050
10335,10140
10335,10300
10335,10301
10335,10303
10335,10335
10336,10162
10336,10336
10336,10339
10337,10337
10338,10093
10338,10161
10338,10253
10338,10290
10338,10292
10338,10338
10338,10343
10339,10162
10339,10339
10340,10340
10341,10007
10341,10008
10341,10009
10341,10029
10341,10030
10341,10031
10341,10032
10341,10039
10341,10041
10341,10042
10341,10051
10341,10055
10341,10074
10341,10075
10341,10076
10341,10077
10341,10078
10341,10079
10341,10083
10341,10093
10341,10098
10341,10099
10341,10119
10341,10120
10341,10124
10341,10125
10341,10128
10341,10129
10341,10130
10341,10133
10341,10135
10341,10150
10341,10152
10341,10153
10341,10159
10341,10160
10341,10161
10341,10162
10341,10195
10341,10200
10341,10202
10341,10203
10341,10204
10341,10211
10341,10238
10341,10242
10341,10245
10341,10246
10341,10253
10341,10262
10341,10283
10341,10285
10341,10287
10341,10288
10341,10290
10341,10292
10341,10297
10341,10298
10341,10306
10341,10307
10341,10327
10341,10328
10341,10330
10341,10333
10341,10336
10341,10337
10341,10338
10341,10339
10341,10341
10341,10343
10342,10001
10342,10033
10342,10034
10342,10035
10342,10036
10342,10037
10342,10038
10342,10043
10342,10044
10342,10045
10342,10046
10342,10047
10342,10048
10342,10054
10342,10057
10342,10089
10342,10090
10342,10091
10342,10092
10342,10094
10342,10095
10342,10096
10342,10097
10342,10126
10342,10127
10342,10136
10342,10165
10342,10169
10342,10170
10342,10171
10342,10176
10342,10179
10342,10207
10342,10208
10342,10209
10342,10210
10342,10214
10342,10250
10342,10252
10342,10254
10342,10255
10342,10256
10342,10257
10342,10264
10342,10265
10342,10293
10342,10294
10342,10295
10342,10296
10342,10304
10342,10342
10342,10344
10342,10345
10342,10346
10343,10093
10343,10253
10343,10343
10344,10344
10345,10037
10345,10095
10345,10096
10345,10136
10345,10179
10345,10210
10345,10264
10345,10265
10345,10296
10345,10345
10346,10001
10346,10038
10346,10057
10346,10176
10346,10250
10346,10304
10346,10346
