MF6Name,Well_Name,x,y,layer,mag,mag2,nInterp,localx,localy,Row,Column,nInterp,ibound1,ibound2,ibound3,ibound4,Column1,Column2,Column3,Column4,Row1,Row2,Row3,Row4,Weight1,Weight2,Weight3,Weight4,Node,Node1,Node2,Node3,Node4
H001A,334138104343801,539133.2,3728305.5,3,,,4,29070.199999999953,140381.5,69,145,4,1,1,1,1,145,146,145,146,68,68,69,69,0.32980893529606886,0.002351249218100231,0.663112404082583,0.00472741140324806,20273,19977,19978,20273,20274
H002A,333908104314401,543633.9,3723705.3,3,,,4,33570.90000000002,135781.2999999998,92,167,4,1,1,1,1,167,168,167,168,91,91,92,92,0.2881543831217979,0.17655173315055775,0.3319243570360269,0.20336952669161754,27103,26807,26808,27103,27104
H003A,333735104300301,546249.2,3720853.4,3,,,4,36186.19999999995,132929.3999999999,106,180,4,1,1,1,1,180,181,180,181,105,105,106,106,0.17841542447236927,0.1095826666675883,0.4410866832192586,0.2709152256407838,31260,30964,30965,31260,31261
H004A,Poe Corn Level 819270,544604.0,3719407.4,3,,,4,34541.0,131483.3999999999,113,172,4,1,1,1,1,172,173,172,173,112,112,113,113,0.07975508451183223,0.020221054826828993,0.7179861069305401,0.18203775373079872,33324,33028,33029,33324,33325
H005A,333636104294701,546670.3,3719038.4,3,,,4,36607.30000000005,131114.3999999999,115,182,4,1,1,1,1,182,183,182,183,114,114,115,115,0.13981235530182795,0.12587602455227012,0.3864144799801873,0.34789714016571466,33926,33630,33631,33926,33927
H006A,Transwestern Level 823779,544634.1,3717070.4,3,,,4,34571.09999999998,129146.3999999999,125,172,4,1,1,1,1,172,173,172,173,124,124,125,125,0.31292310173706195,0.16989722753269915,0.33519190661467985,0.181987764115559,36876,36580,36581,36876,36877
H007A,333344104315901,543292.6,3713725.5,3,,,4,33229.59999999998,125801.5,141,166,4,1,1,1,1,165,166,165,166,141,141,142,142,0.2708877704496664,0.5845365515037139,0.04578287299321373,0.09879280505340596,41606,41605,41606,41901,41902
H008A,333145104315901,543309.1,3710060.7,3,,,4,33246.09999999998,122136.70000000019,159,166,4,1,1,1,1,165,166,165,166,159,159,160,160,0.1496631014246782,0.4881520580390396,0.08498654464286998,0.27719829589341216,46934,46933,46934,47229,47230
H009A,NM-28251,544675.0,3707849.0,3,,,4,34612.0,119925.0,170,173,4,1,1,1,1,172,173,172,173,170,170,171,171,0.2862400261049875,0.3572818063875921,0.15856232814658813,0.19791583936083232,50197,50196,50197,50492,50493
H010A,332731104231601,556845.3,3702308.6,1,,,4,46782.30000000005,114384.6000000001,198,233,4,1,1,1,1,233,234,233,234,197,197,198,198,0.0968972695478393,0.005464935172103468,0.8497145176146664,0.04792327766539083,58545,58249,58250,58545,58546
H011A,332704104252301,553571.5,3701458.3,1,,,4,43508.5,113534.29999999981,202,217,4,1,1,1,1,216,217,216,217,202,202,203,203,0.19312098795221305,0.6824258186912079,0.027450872383363915,0.09700232097321516,59713,59712,59713,60008,60009
H012A,332629104232701,556572.6,3700397.6,1,,,4,46509.59999999998,112473.6000000001,207,232,4,1,1,1,1,231,232,231,232,207,207,208,208,0.18217516646101073,0.42066425133481217,0.12002001368680114,0.2771405685173759,61208,61207,61208,61503,61504
H013A,Berrendo-Smith level-823069,545360.6,3699951.8,3,,,4,35297.59999999998,112027.79999999981,210,176,4,1,1,1,1,175,176,175,176,209,209,210,210,0.014197051044827092,0.3725841467544356,0.02250858802347965,0.5907102141772578,62040,61743,61744,62039,62040
H014A,332613104355501,537261.4,3699810.9,3,,,4,27198.400000000023,111886.8999999999,210,136,4,1,1,1,1,135,136,135,136,210,210,211,211,0.20425191311932248,0.48211967679049805,0.09333020729763457,0.2202982027925449,62000,61999,62000,62295,62296
H015A,332535104260503,552502.1,3698711.5,1,,,4,42439.09999999998,110787.5,216,211,4,1,1,1,1,211,212,211,212,215,215,216,216,0.11872674516716145,0.10256093477746148,0.41779993899741896,0.3609123810579581,63851,63555,63556,63851,63852
H016A,332413104371101,535312.5,3696108.0,3,,,4,25249.5,108184.0,229,126,4,1,1,1,1,126,127,126,127,228,228,229,229,0.27531894480283153,0.004049543222929022,0.710185708024886,0.010445803949353393,67614,67318,67319,67614,67615
H017A,332350104243601,554818.8,3695490.7,1,,,4,44755.80000000005,107566.70000000019,232,223,4,1,1,1,1,222,223,222,223,231,231,232,232,0.004275128690921123,0.2065138635909934,0.01600642702335194,0.7732045806947335,68599,68302,68303,68598,68599
H018A,332348104245102,554431.6,3695426.9,3,,,4,44368.59999999998,107502.8999999999,232,221,4,1,1,1,1,221,222,221,222,232,232,233,233,0.844527477541664,0.04911365822093446,0.10051348324734133,0.005845380990060209,68597,68597,68598,68893,68894
H019A,332309104260801,552449.0,3694214.9,1,,,4,42386.0,106290.8999999999,238,211,4,1,1,1,1,211,212,211,212,238,238,239,239,0.6954823700705159,0.1733436857590457,0.1050027965563805,0.026171147614057776,70363,70363,70364,70659,70660
H020A,332307104260801,552449.3,3694153.3,1,,,4,42386.30000000005,106229.29999999981,238,211,4,1,1,1,1,211,212,211,212,238,238,239,239,0.449525405921125,0.11308892637342338,0.34946846984417035,0.08791719786128124,70363,70363,70364,70659,70660
H021A,332306104403901,529946.0,3694026.6,3,,,4,19883.0,106102.6000000001,239,99,4,1,1,1,1,99,100,99,100,239,239,240,240,0.6177070140058273,0.3150854778383642,0.044505663954927145,0.022701844200881283,70547,70547,70548,70843,70844
H022A,332255104360401,537052.3,3693712.5,3,,,4,26989.300000000047,105788.5,241,135,4,1,1,1,1,134,135,134,135,240,240,241,241,0.12516989503039114,0.24624106495940445,0.21184195576106138,0.41674708424914303,71175,70878,70879,71174,71175
H023A,332244104335501,540386.8,3693387.0,3,,,4,30323.800000000047,105463.0,242,151,4,1,1,1,1,151,152,151,152,242,242,243,243,0.5735437455951033,0.17981662980871577,0.18777018107335228,0.05886944352282861,71487,71487,71488,71783,71784
H024A,332231104290701,547830.1,3693020.6,1,,,4,37767.09999999998,105096.6000000001,244,188,4,1,1,1,1,188,189,188,189,244,244,245,245,0.7091532337312764,0.2228439029869788,0.05174313149613637,0.016259731785608512,72116,72116,72117,72412,72413
H025A,LFD Level 826171,549659.5,3692769.6,3,,,4,39596.5,104845.6000000001,245,197,4,1,1,1,1,197,198,197,198,245,245,246,246,0.45642049413163616,0.22786328857408408,0.2105841984637488,0.10513201883053092,72421,72421,72422,72717,72718
H026A,332150104353201,537887.0,3691713.9,3,,,4,27824.0,103789.8999999999,251,139,4,1,1,1,1,138,139,138,139,250,250,251,251,0.08193716262384006,0.3544940789214601,0.10580641488385593,0.4577623435708439,74139,73842,73843,74138,74139
H027A,332112104285901,548048.9,3690588.8,1,,,4,37985.90000000002,102664.79999999981,256,189,4,1,1,1,1,189,190,189,190,256,256,257,257,0.5679477734041757,0.27564564105100836,0.10530045693078022,0.051106128614035705,75669,75669,75670,75965,75966
H028A,332105104285401,548179.2,3690373.9,1,,,4,38116.19999999995,102449.8999999999,257,190,4,1,1,1,1,189,190,189,190,257,257,258,258,0.01979492495892278,0.755537135802327,0.005735974588153077,0.21893196465059728,75966,75965,75966,76261,76262
H029A,332007104361801,536710.2,3688537.4,3,,,4,26647.199999999953,100613.3999999999,266,133,4,1,1,1,1,132,133,132,133,266,266,267,267,0.02428252790410409,0.6218639765064674,0.013298001802939866,0.3405554937864887,78573,78572,78573,78868,78869
H030A,331956104213501,559538.8,3688312.1,1,,,4,49475.80000000005,100388.1000000001,267,246,4,1,1,1,1,246,247,246,247,267,267,268,268,0.2932468609026659,0.23294020662028933,0.26405847592960596,0.20975445654743902,78982,78982,78983,79278,79279
H031A,331952104311001,544674.5,3688108.9,3,,,4,34611.5,100184.8999999999,268,173,4,1,1,1,1,172,173,172,173,268,268,269,269,0.23083901737248166,0.28524704004856316,0.21644882164804322,0.26746512093091196,79205,79204,79205,79500,79501
H032A,331940104310901,544702.0,3687739.5,1,,,4,34639.0,99815.5,270,173,4,1,1,1,1,172,173,172,173,270,270,271,271,0.2111395608867446,0.4686703492350406,0.09944661584157025,0.22074347403664454,79797,79796,79797,80092,80093
H033A,331914104253701,553289.7,3686982.2,1,,,4,43226.69999999995,99058.20000000019,274,215,4,1,1,1,1,215,216,215,216,274,274,275,275,0.5687559455915796,0.3465387334805632,0.05263513052408378,0.032070190403773374,81023,81023,81024,81319,81320
H034A,331855104205101,560688.1,3686440.6,1,,,4,50625.09999999998,98516.6000000001,277,252,4,1,1,1,1,252,253,252,253,276,276,277,277,0.188264758733262,0.03475281861256584,0.6559052881923422,0.1210771344618302,81948,81652,81653,81948,81949
H035A,331854104212101,559912.6,3686405.0,1,,,4,49849.59999999998,98481.0,277,248,4,1,1,1,1,248,249,248,249,276,276,277,277,0.032196918692365864,0.013854143103810786,0.6669600048737047,0.28698893333011877,81944,81648,81649,81944,81945
H036A,331812104211801,559998.1,3685112.0,1,,,4,49935.09999999998,97188.0,283,249,4,1,1,1,1,248,249,248,249,283,283,284,284,0.16957896212913517,0.4490084871642226,0.10456006594660966,0.2768524847600326,83721,83720,83721,84016,84017
H037A,331756104383701,533130.7,3684490.3,3,,,4,23067.699999999953,96566.29999999981,286,115,4,1,1,1,1,115,116,115,116,286,286,287,287,0.43896842194742686,0.08916726563347943,0.392197568667779,0.0796667437513147,84475,84475,84476,84771,84772
H038A,331705104262801,551992.4,3683002.5,1,,,4,41929.40000000002,95078.5,294,209,4,1,1,1,1,208,209,208,209,293,293,294,294,0.009293321055591525,0.12303388804078513,0.06093653657575174,0.8067362543278715,86937,86640,86641,86936,86937
H039A,331703104222901,558174.8,3682976.0,1,,,4,48111.80000000005,95052.0,294,240,4,1,1,1,1,239,240,239,240,293,293,294,294,0.00020144821350550696,0.00039506812855970834,0.33750633831262333,0.6618971453453115,86968,86671,86672,86967,86968
H040A,331645104305201,545166.6,3682352.4,3,,,4,35103.59999999998,94428.3999999999,297,175,4,1,1,1,1,174,175,174,175,297,297,298,298,0.0009671079952765897,0.8997328045127929,0.00010662142541759213,0.09919346606651293,87791,87790,87791,88086,88087
H041A,331553104252101,553737.7,3680794.6,3,,,4,43674.69999999995,92870.6000000001,305,218,4,1,1,1,1,217,218,217,218,304,304,305,305,0.06189014035955678,0.09503342601108496,0.3325065827774697,0.5105698508518888,90202,89905,89906,90201,90202
H042A,331532104255202,552939.2,3680143.5,1,,,4,42876.19999999995,92219.5,308,214,4,1,1,1,1,213,214,213,214,308,308,309,309,0.33473694408812305,0.5855883561563128,0.0289789550610341,0.05069574469452991,91086,91085,91086,91381,91382
H043A,Orchard Park Level-826157,554489.7,3679931.1,3,,,4,44426.69999999995,92007.1000000001,309,221,4,1,1,1,1,221,222,221,222,309,309,310,310,0.567303123700775,0.2971882466944729,0.08892450693641965,0.046584122668332395,91389,91389,91390,91685,91686
H044A,331524104245101,554489.7,3679925.0,1,,,4,44426.69999999995,92001.0,309,221,4,1,1,1,1,221,222,221,222,309,309,310,310,0.5474043895733397,0.28676406664026405,0.10882324106385494,0.05700830272254119,91389,91389,91390,91685,91686
H045A,331429104221301,558617.2,3678235.9,1,,,4,48554.19999999995,90311.8999999999,318,242,4,1,1,1,1,241,242,241,242,317,317,318,318,0.06064424056164576,0.3770595691870625,0.07790662239854289,0.48438956785274895,94074,93777,93778,94073,94074
H046A,331401104252001,553782.6,3677345.7,1,,,4,43719.59999999998,89421.70000000019,322,218,4,1,1,1,1,217,218,217,218,321,321,322,322,0.0021480020766985863,0.010398725036113601,0.16905218880855127,0.8184010840786365,95234,94937,94938,95233,95234
H047A,331357104245001,554559.8,3677226.8,1,,,4,44496.80000000005,89302.79999999981,323,222,4,1,1,1,1,221,222,221,222,322,322,323,323,0.12972148640863035,0.29177696264619296,0.17804117962138813,0.4004603713237885,95534,95237,95238,95533,95534
H048A,331248104194801,562389.6,3675148.9,1,,,4,52326.59999999998,87224.8999999999,333,261,4,1,1,1,1,260,261,260,261,332,332,333,333,0.03564188242469138,0.05667896383120788,0.3504234957662486,0.5572556579778521,98533,98236,98237,98532,98533
H049A,331213104241601,555458.0,3674029.1,1,,,4,45395.0,86105.1000000001,338,226,4,1,1,1,1,226,227,226,227,338,338,339,339,0.44318870471142774,0.08264045300660655,0.39964912237818206,0.07452171990378367,99978,99978,99979,100274,100275
H050A,331138104210001,560539.1,3672981.4,1,,,4,50476.09999999998,85057.3999999999,344,251,4,1,1,1,1,251,252,251,252,343,343,344,344,0.1858310514385905,0.1319133214222121,0.39901345663393906,0.2832421705052584,101779,101483,101484,101779,101780
H051A,331124104275501,549795.8,3672489.4,1,,,4,39732.80000000005,84565.3999999999,346,198,4,1,1,1,1,198,199,198,199,346,346,347,347,0.8628375387536684,0.00918982146104984,0.12662400582586505,0.0013486339594166005,102318,102318,102319,102614,102615
H052A,331005104205401,560712.3,3670118.4,1,,,4,50649.30000000005,82194.3999999999,358,252,4,1,1,1,1,252,253,252,253,357,357,358,358,0.06215067641236857,0.023707909444899138,0.6617219076957433,0.2524195064469889,105924,105628,105629,105924,105925
H053A,Greenfield level-822321,552453.5,3670073.2,3,,,4,42390.5,82149.20000000019,358,211,4,1,1,1,1,211,212,211,212,358,358,359,359,0.6700905801822372,0.1910801825634052,0.10802522352411427,0.030804013730243406,105883,105883,105884,106179,106180
H054A,330838104260701,552619.9,3667392.1,1,,,4,42556.90000000002,79468.1000000001,371,212,4,1,1,1,1,212,213,212,213,371,371,372,372,0.5073340651858075,0.026170269499582444,0.443612407414054,0.022883257900556075,109732,109732,109733,110028,110029
H055A,330805104243901,554905.5,3666388.5,1,,,4,44842.5,78464.5,376,223,4,1,1,1,1,223,224,223,224,376,376,377,377,0.32095512457753167,0.22368418187241532,0.26834337220113924,0.18701732134891372,111223,111223,111224,111519,111520
H056A,330714104180401,565150.6,3664880.8,1,,,4,55087.59999999998,76956.79999999981,384,274,4,1,1,1,1,274,275,274,275,383,383,384,384,0.03300044529815315,0.016908088861231355,0.6282180387543972,0.3218734270862183,113642,113346,113347,113642,113643
H057A,330702104402401,530426.3,3664341.2,3,,,4,20363.300000000047,76417.20000000019,387,102,4,1,1,1,1,101,102,101,102,386,386,387,387,0.10095623520004568,0.2666171363111357,0.17369977370775586,0.4587268547810628,114358,114061,114062,114357,114358
H058A,330646104173301,565959.8,3664023.9,1,,,4,55896.80000000005,76099.8999999999,388,278,4,1,1,1,1,278,279,278,279,388,388,389,389,0.5047627122842322,0.2855220248503519,0.13394722170032355,0.07576804116509235,114830,114830,114831,115126,115127
H059A,330608104193701,562753.6,3662832.5,1,,,4,52690.59999999998,74908.5,394,262,4,1,1,1,1,262,263,262,263,394,394,395,395,0.500442958338887,0.36742867134383334,0.07618950805691023,0.05593886226036945,116590,116590,116591,116886,116887
H060A,330454104231201,557194.1,3660519.5,1,,,4,47131.09999999998,72595.5,406,235,4,1,1,1,1,234,235,234,235,405,405,406,406,0.07871697741408376,0.29130211110930154,0.13402063492968813,0.4959602765469266,120115,119818,119819,120114,120115
H061A,330455104354201,537749.6,3660455.9,3,,,4,27686.599999999977,72531.8999999999,406,138,4,1,1,1,1,138,139,138,139,405,405,406,406,0.046903577737307404,0.00696184817526748,0.8238512142777645,0.12228335980966067,120018,119722,119723,120018,120019
H062A,Bartlett level-950188,558134.7,3659236.1,3,,,4,48071.69999999995,71312.1000000001,412,239,4,1,1,1,1,239,240,239,240,412,412,413,413,0.531821873217196,0.45845491036765923,0.005221791779141815,0.004501424636002795,121895,121895,121896,122191,122192
H063A,330315104184701,564084.5,3657513.4,1,,,4,54021.5,69589.3999999999,421,269,4,1,1,1,1,269,270,269,270,420,420,421,421,0.4100443041208535,0.016743256525252225,0.5507248042854345,0.022487635068459935,124589,124293,124294,124589,124590
H064A,330253104163701,567460.6,3656858.5,1,,,4,57397.59999999998,68934.5,424,286,4,1,1,1,1,285,286,285,286,423,423,424,424,0.030539097783659253,0.14076051249315216,0.14773975372283066,0.680960636000358,125494,125197,125198,125493,125494
H065A,330236104231101,557244.9,3656270.0,1,,,4,47181.90000000002,68346.0,427,235,4,1,1,1,1,235,236,235,236,426,426,427,427,0.2361008916240424,0.009783145599475154,0.724111468194249,0.030004494582233417,126331,126035,126036,126331,126332
H066A,330216104201201,561891.5,3655682.3,1,,,4,51828.5,67758.29999999981,430,258,4,1,1,1,1,258,259,258,259,429,429,430,430,0.2797059624191392,0.044739277380477435,0.5823993425990227,0.0931554176013606,127242,126946,126947,127242,127243
H067A,330118104230101,557518.4,3653869.5,1,,,4,47455.40000000002,65945.5,439,236,4,1,1,1,1,236,237,236,237,438,438,439,439,0.1880471794823641,0.12502448201569574,0.41260501172060576,0.27432332678133436,129884,129588,129589,129884,129885
H068A,330026104224101,558046.7,3652271.3,1,,,4,47983.69999999995,64347.299999999814,447,239,4,1,1,1,1,239,240,239,240,446,446,447,447,0.35906814938079074,0.009399996646671292,0.6154208349506507,0.01611101902188723,132255,131959,131960,132255,132256
H069A,325845104295501,544815.0,3651142.8,3,,,4,34752.0,63218.799999999814,452,173,4,1,1,1,1,173,174,173,174,452,452,453,453,0.5681868377821399,0.19054218472659679,0.18067978116362113,0.06059119632764211,133669,133669,133670,133965,133966
H070A,325932104193001,563013.4,3650638.9,1,,,4,52950.40000000002,62714.89999999991,455,264,4,1,1,1,1,263,264,263,264,454,454,455,455,0.07239369817481117,0.1814637741872393,0.2127808822746608,0.5333616453632887,134648,134351,134352,134647,134648
H071A,325919104231101,557280.3,3650203.4,1,,,4,47217.30000000005,62279.39999999991,457,235,4,1,1,1,1,235,236,235,236,456,456,457,457,0.06979755052300295,0.019202688084158752,0.7144424876535515,0.19655727373928678,135211,134915,134916,135211,135212
H072A,Cottonwood level-821572,544756.5,3649171.6,3,,,4,34693.5,61247.60000000009,462,173,4,1,1,1,1,172,173,172,173,462,462,463,463,0.03807977351231229,0.9218740958918392,0.001588563400531867,0.038457567195316435,136629,136628,136629,136924,136925
H073A,325841104251501,554068.5,3649015.0,1,,,4,44005.5,61091.0,463,219,4,1,1,1,1,219,220,219,220,462,462,463,463,0.136125029826566,0.045375009942210554,0.6138749701733436,0.20462499005787985,136971,136675,136676,136971,136972
H074A,325702104352801,538169.2,3645891.6,3,,,4,28106.199999999953,57967.60000000009,478,140,4,1,1,1,1,140,141,140,141,478,478,479,479,0.5142694730868147,0.14090431200953,0.27066650082610705,0.07415971407754811,141332,141332,141333,141628,141629
H075A,325645104262501,552270.6,3645433.0,1,,,4,42207.59999999998,57509.0,481,210,4,1,1,1,1,210,211,210,211,480,480,481,481,0.2580746242000522,0.11741253081548444,0.42923150798807486,0.19528133699638842,142290,141994,141995,142290,142291
H076A,325638104274801,550061.2,3645224.5,1,,,4,39998.19999999995,57300.5,482,199,4,1,1,1,1,199,200,199,200,481,481,482,482,0.22721316262002286,0.11182684374361936,0.44295306660167594,0.21800692703468189,142575,142279,142280,142575,142576
H077A,325633104274601,550169.2,3645052.5,3,,,4,40106.19999999995,57128.5,483,200,4,1,1,1,1,199,200,199,200,482,482,483,483,0.06452236697990293,0.419510878865165,0.06877915214871413,0.44718760200621804,142872,142575,142576,142871,142872
H078A,325516104404601,529922.5,3642598.7,3,,,4,19859.5,54674.700000000186,495,99,4,1,1,1,1,99,100,99,100,494,494,495,495,0.22301164326207368,0.06325655048803593,0.5560188188393007,0.1577129874105896,146323,146027,146028,146323,146324
H079A,325454104251401,554132.9,3642024.8,1,,,4,44069.90000000002,54100.799999999814,498,220,4,1,1,1,1,219,220,219,220,497,497,498,498,0.1863178379706246,0.24711093797754477,0.24355172378847975,0.32301950026335086,147332,147035,147036,147331,147332
H080A,325450104251101,554211.5,3641902.1,1,,,4,44148.5,53978.10000000009,498,220,4,1,1,1,1,219,220,219,220,498,498,499,499,0.03224078207409718,0.7912500315752782,0.006910574006269016,0.16959861234435555,147332,147331,147332,147627,147628
H081A,325314104230802,557423.7,3638963.9,1,,,4,47360.69999999995,51039.89999999991,513,236,4,1,1,1,1,235,236,235,236,512,512,513,513,0.015550726349374577,0.20223739104506314,0.05585228009293991,0.7263596025126224,151788,151491,151492,151787,151788
H082A,Zumwalt level-822322,553350.4,3638169.3,3,,,4,43287.40000000002,50245.299999999814,517,216,4,1,1,1,1,215,216,215,216,516,516,517,517,0.08562094560144592,0.18223477697820015,0.2340322795634068,0.49811199785694726,152952,152655,152656,152951,152952
H083A,325246104203401,561430.5,3638125.8,1,,,4,51367.5,50201.799999999814,517,256,4,1,1,1,1,255,256,255,256,516,516,517,517,0.007934919910143995,0.043683627770915334,0.14578734207933075,0.8025941102396099,152992,152695,152696,152991,152992
H084A,325225104210501,560628.9,3637474.2,1,,,4,50565.90000000002,49550.200000000186,520,252,4,1,1,1,1,251,252,251,252,520,520,521,521,0.11249661556533377,0.7000381812227406,0.025954828003642603,0.16151037520828293,153876,153875,153876,154171,154172
H085A,325033104220201,559168.3,3634016.2,1,,,4,49105.30000000005,46092.200000000186,537,245,4,1,1,1,1,244,245,244,245,537,537,538,538,0.24857679793931234,0.37434533679498694,0.15047275268444277,0.22660511258125807,158901,158900,158901,159196,159197
H086A,325032104252001,554021.2,3633955.9,1,,,4,43958.19999999995,46031.89999999991,538,219,4,1,1,1,1,219,220,219,220,537,537,538,538,0.3183660789317244,0.004806592665882006,0.6667607802110349,0.010066548191358741,159171,158875,158876,159171,159172
H087A,324943104233801,556681.5,3632461.9,1,,,4,46618.5,44537.89999999991,545,232,4,1,1,1,1,232,233,232,233,545,545,546,546,0.6821415557809617,0.21440262619597036,0.07871504168956107,0.02474077633350689,161256,161256,161257,161552,161553
H088A,324838104435301,525096.9,3630329.2,3,,,4,15033.900000000023,42405.200000000186,556,75,4,1,1,1,1,75,76,75,76,555,555,556,556,0.22621497944316724,0.06874246905852112,0.540726084741799,0.16431646675651265,164355,164059,164060,164355,164356
H089A,324831104244401,554977.8,3630235.0,3,,,4,44914.80000000005,42311.0,556,224,4,1,1,1,1,223,224,223,224,556,556,557,557,0.1900543678647649,0.6366377501659334,0.0398430313235838,0.13346485064571803,164504,164503,164504,164799,164800
H090A,324728104271901,550956.8,3628273.4,1,,,4,40893.80000000005,40349.39999999991,566,204,4,1,1,1,1,203,204,203,204,565,565,566,566,0.0165016926298156,0.05913657985827718,0.2016642184493058,0.7226975090626016,167444,167147,167148,167443,167444
H091A,324654104233701,556737.3,3627257.9,3,,,4,46674.30000000005,39333.89999999991,571,233,4,1,1,1,1,232,233,232,233,570,570,571,571,0.013352995599170728,0.014265711152799265,0.47012350165638167,0.5022577915916483,168953,168656,168657,168952,168953
H092A,Artesia A Level-822328,553504.7,3626977.1,3,,,4,43441.69999999995,39053.10000000009,572,216,4,1,1,1,1,216,217,216,217,572,572,573,573,0.3491369682849135,0.28263349222599865,0.2034956571825178,0.1647338823065701,169232,169232,169233,169528,169529
H093A,324620104255001,554944.1,3626311.4,3,,,4,44881.09999999998,38387.39999999991,576,224,4,1,1,1,1,223,224,223,224,575,575,576,576,0.12820581870092287,0.19439022042988044,0.2692132539149661,0.4081907069542306,170424,170127,170128,170423,170424
H094A,324620104255101,554944.1,3626311.4,1,,,4,44881.09999999998,38387.39999999991,576,224,4,1,1,1,1,223,224,223,224,575,575,576,576,0.12820581870092287,0.19439022042988044,0.2692132539149661,0.4081907069542306,170424,170127,170128,170423,170424
H095A,324622104430401,526382.3,3626144.6,3,,,4,16319.300000000047,38220.60000000009,577,82,4,1,1,1,1,81,82,81,82,576,576,577,577,0.18615297163247965,0.3072853485777489,0.19110384853740398,0.3154578312523674,170578,170281,170282,170577,170578
H096A,324614104244101,555079.2,3626016.7,3,,,4,45016.19999999995,38092.700000000186,577,224,4,1,1,1,1,224,225,224,225,577,577,578,578,0.6225185645969431,0.2351327517165141,0.10332252344893933,0.039026160237603386,170720,170720,170721,171016,171017
H097A,324612104213301,559970.9,3625983.6,3,,,4,49907.90000000002,38059.60000000009,577,249,4,1,1,1,1,248,249,248,249,577,577,578,578,0.2837250729340191,0.4093871516745215,0.12562432657233466,0.18126344881912473,170745,170744,170745,171040,171041
H098A,324553104250201,554536.4,3625367.1,1,,,4,44473.40000000002,37443.10000000009,580,222,4,1,1,1,1,221,222,221,222,580,580,581,581,0.2665404181945361,0.361969086299429,0.15754293502243258,0.21394756048360247,171606,171605,171606,171901,171902
H099A,324522104195901,562426.2,3624459.0,1,,,4,52363.19999999995,36535.0,585,261,4,1,1,1,1,260,261,260,261,584,584,585,585,0.02334652909272076,0.09102553803496773,0.18078136401124822,0.7048465688610632,173125,172828,172829,173124,173125
H100A,324501104223701,558318.6,3623787.3,1,,,4,48255.59999999998,35863.299999999814,588,240,4,1,1,1,1,240,241,240,241,588,588,589,589,0.4829654398356465,0.2924063886845186,0.13991692714099432,0.08471124433884059,173992,173992,173993,174288,174289
H101A,324431104274601,550282.1,3622819.4,3,,,4,40219.09999999998,34895.39999999991,593,200,4,1,1,1,1,200,201,200,201,593,593,594,594,0.5514672859768504,0.4125031268116286,0.02061177232289557,0.015417814888625547,175432,175432,175433,175728,175729
H102A,324418104203301,561553.7,3622482.7,1,,,4,51490.69999999995,34558.700000000186,595,256,4,1,1,1,1,256,257,256,257,594,594,595,595,0.1571092579617106,0.13313571141764727,0.38418955695888374,0.3255654736617584,176080,175784,175785,176080,176081
H103A,324340104202301,561821.3,3621314.2,1,,,4,51758.30000000005,33390.200000000186,601,258,4,1,1,1,1,257,258,257,258,600,600,601,601,0.101664198838794,0.3800028655058968,0.1094031677396296,0.4089297679156796,177858,177561,177562,177857,177858
H104A,324325104233001,557211.6,3621089.1,1,,,4,47148.59999999998,33165.10000000009,602,235,4,1,1,1,1,234,235,234,235,601,601,602,602,0.04560817462615309,0.3170936467370662,0.08013747080439426,0.5571607078323866,178131,177834,177835,178130,178131
H105A,324250104224101,558238.2,3619752.7,1,,,4,48175.19999999995,31828.700000000186,608,240,4,1,1,1,1,239,240,239,240,608,608,609,609,0.016223472529522547,0.703274658386373,0.006324845294278669,0.2741770237898259,179912,179911,179912,180207,180208
H106A,324249104220601,559149.6,3619727.3,3,,,4,49086.59999999998,31803.299999999814,608,245,4,1,1,1,1,244,245,244,245,608,608,609,609,0.2918758316847049,0.30135967296671573,0.2001308492981002,0.20663364605047918,179917,179916,179917,180212,180213
H107A,324154104210701,560696.0,3618042.9,1,,,4,50633.0,30118.899999999907,617,252,4,1,1,1,1,252,253,252,253,616,616,617,617,0.1771860558303399,0.042948359185089505,0.6277133317457498,0.15215225323882076,182588,182292,182293,182588,182589
H108A,324105104222601,558647.8,3616521.7,3,,,4,48584.80000000005,28597.700000000186,624,242,4,1,1,1,1,242,243,242,243,624,624,625,625,0.6493685363915577,0.008927017573849014,0.33707065870846253,0.004633787326130802,184650,184650,184651,184946,184947
H109A,324034104201801,561987.2,3615587.3,1,,,4,51924.19999999995,27663.299999999814,629,259,4,1,1,1,1,258,259,258,259,628,628,629,629,0.005185891913998855,0.008235725837083019,0.3811976283275038,0.6053807539214143,186147,185850,185851,186146,186147
H110A,324006104210801,560690.3,3614717.1,1,,,4,50627.30000000005,26793.100000000093,633,252,4,1,1,1,1,252,253,252,253,633,633,634,634,0.5730015691101383,0.11468235676293476,0.2602323448317416,0.05208372929518529,187324,187324,187325,187620,187621
H111A,323929104210703,560723.3,3613577.9,1,,,4,50660.30000000005,25653.899999999907,639,252,4,1,1,1,1,252,253,252,253,638,638,639,639,0.01656613257315772,0.008189295724869577,0.6526257866180702,0.32261878508390246,189100,188804,188805,189100,189101
H112A,HQ Home Houghtaling,544855.0,3612402.6,3,,,4,34792.0,24478.600000000093,645,173,4,1,1,1,1,173,174,173,174,644,644,645,645,0.10031128857299987,0.08206364183368467,0.449716548856805,0.3679085207365104,190797,190501,190502,190797,190798
H113A,SKP-2,558038.1,3611444.2,1,,,4,47975.09999999998,23520.200000000186,650,239,4,1,1,1,1,238,239,238,239,649,649,650,650,0.007209445395260441,0.41098827988982795,0.010029876961994633,0.571772397752917,192343,192046,192047,192342,192343
H114A,323818104405701,529730.9,3611250.1,3,,,4,19667.900000000023,23326.100000000093,651,98,4,1,1,1,1,98,99,98,99,650,650,651,651,0.3315983471449381,0.12173419083356467,0.39986987841768995,0.14679758360380735,192498,192202,192203,192498,192499
H115A,323810104221601,558940.2,3611134.4,1,,,4,48877.19999999995,23210.399999999907,651,243,4,1,1,1,1,243,244,243,244,651,651,652,652,0.46801250489509194,0.41017885754761874,0.06491519732382277,0.05689344023346649,192643,192643,192644,192939,192940
H116A,Middle Well,541521.9,3611130.3,3,,,4,31458.900000000023,23206.299999999814,651,157,4,1,1,1,1,156,157,156,157,651,651,652,652,0.10187905518926507,0.755931332147598,0.016887349010567803,0.12530226365256922,192557,192556,192557,192852,192853
H117A,Alfredo,557868.9,3610134.2,1,,,4,47805.90000000002,22210.200000000186,656,238,4,1,1,1,1,238,239,238,239,656,656,657,657,0.7778399771678467,0.12838765347002395,0.08048739100161079,0.013284978360518607,194118,194118,194119,194414,194415
H118A,NA1,557926.3,3610082.2,3,,,4,47863.30000000005,22158.200000000186,656,238,4,1,1,1,1,238,239,238,239,656,656,657,657,0.37114935407312494,0.2765878605940213,0.2018443626208403,0.15041842271201347,194118,194118,194119,194414,194415
H119A,ISCE,557154.3,3610075.7,3,,,4,47091.30000000005,22151.700000000186,656,235,4,1,1,1,1,234,235,234,235,656,656,657,657,0.2526829251317156,0.3627429875390901,0.15789927482007113,0.22667481250912316,194115,194114,194115,194410,194411
H120A,Bobbies,558335.4,3609926.2,1,,,4,48272.40000000002,22002.200000000186,657,240,4,1,1,1,1,240,241,240,241,657,657,658,658,0.4704741631705999,0.4017918035843686,0.06889591556911381,0.0588381176759176,194416,194416,194417,194712,194713
H121A,No. 2 Shallow,557415.7,3609650.4,1,,,4,47352.69999999995,21726.399999999907,658,236,4,1,1,1,1,235,236,235,236,658,658,659,659,0.055726853750318085,0.4455457144508113,0.05544390899518763,0.4432835228036829,194708,194707,194708,195003,195004
H122A,NA2,557982.5,3608938.9,3,,,4,47919.5,21014.899999999907,662,239,4,1,1,1,1,238,239,238,239,662,662,663,663,0.2831803162709034,0.6812474257153388,0.010444912393395065,0.025127345620362763,195895,195894,195895,196190,196191
H123A,323705104225501,557933.3,3608898.6,1,,,4,47870.30000000005,20974.600000000093,662,238,4,1,1,1,1,238,239,238,239,662,662,663,663,0.41123501994968026,0.3528626496601765,0.12696190997899517,0.10894042041114811,195894,195894,195895,196190,196191
H124A,ISCB,554350.8,3607919.3,3,,,4,44287.80000000005,19995.299999999814,667,221,4,1,1,1,1,220,221,220,221,667,667,668,668,0.31064841881685923,0.5853787823274872,0.03604688063400531,0.06792591822164824,197357,197356,197357,197652,197653
H125A,323615104220801,559169.7,3607594.4,1,,,4,49106.69999999995,19670.399999999907,669,245,4,1,1,1,1,244,245,244,245,668,668,669,669,0.11016134635551908,0.1707978519260206,0.28192884691564096,0.43711195480281934,197973,197676,197677,197972,197973
H126A,ISCK,552163.0,3607301.3,3,,,4,42100.0,19377.299999999814,670,210,4,1,1,1,1,209,210,209,210,670,670,671,671,0.18307123857874433,0.6408967881442327,0.03911121588716663,0.13692075738985643,198234,198233,198234,198529,198530
H127A,Cass Well,532555.3,3607197.9,3,,,4,22492.300000000047,19273.899999999907,671,112,4,1,1,1,1,112,113,112,113,670,670,671,671,0.2143322790493614,0.09563749745536895,0.47712958367224667,0.21290063982302299,198432,198136,198137,198432,198433
H128A,Point,554598.2,3607178.1,3,,,4,44535.19999999995,19254.100000000093,671,222,4,1,1,1,1,221,222,221,222,670,670,671,671,0.02472478802224221,0.18681979163302284,0.09215264775292133,0.6963027725918136,198542,198245,198246,198541,198542
H129A,Mateo,554406.2,3606890.1,3,,,4,44343.19999999995,18966.100000000093,672,221,4,1,1,1,1,220,221,220,221,672,672,673,673,0.05561004921125284,0.7242953035291951,0.015693537840495268,0.2044011094190569,198837,198836,198837,199132,199133
H130A,Shouse,551958.0,3606859.0,3,,,4,41895.0,18935.0,672,209,4,1,1,1,1,208,209,208,209,672,672,673,673,0.1508438535701797,0.4744643465411605,0.09038735616498926,0.2843044437236706,198825,198824,198825,199120,199121
H131A,323546104251601,554274.2,3606673.4,1,,,4,44211.19999999995,18749.399999999907,673,220,4,1,1,1,1,220,221,220,221,673,673,674,674,0.5111915442683552,0.1915047096085412,0.2162800217860008,0.08102372433710271,199132,199132,199133,199428,199429
H132A,323542104242701,555522.6,3606544.5,1,,,4,45459.59999999998,18620.5,674,226,4,1,1,1,1,226,227,226,227,673,673,674,674,0.0323140181786887,0.02962426226352507,0.4893991767627908,0.4486625427949954,199434,199138,199139,199434,199435
H133A,323541104243101,555448.2,3606525.9,1,,,4,45385.19999999995,18601.899999999907,674,226,4,1,1,1,1,226,227,226,227,674,674,675,675,0.8643415581134137,0.10513668892342191,0.027211770447833294,0.0033099825153310716,199434,199434,199435,199730,199731
H134A,ISCJ,551927.9,3606507.4,3,,,4,41864.90000000002,18583.399999999907,674,209,4,1,1,1,1,208,209,208,209,674,674,675,675,0.34298334646025325,0.5345319641254593,0.04787404636554619,0.07461064304874127,199417,199416,199417,199712,199713
H135A,Field7B,555478.3,3606490.1,1,,,4,45415.30000000005,18566.100000000093,674,226,4,1,1,1,1,226,227,226,227,674,674,675,675,0.58724834724694,0.20426919033405366,0.15467879822309785,0.053803664195908533,199434,199434,199435,199730,199731
H136A,ISCC,554329.6,3606302.9,3,,,4,44266.59999999998,18378.899999999907,675,221,4,1,1,1,1,220,221,220,221,675,675,676,676,0.3892190722855143,0.47173296779994073,0.06286078136914665,0.07618717854539832,199725,199724,199725,200020,200021
H137A,ISCI,552757.5,3605978.5,3,,,4,42694.5,18054.5,677,213,4,1,1,1,1,212,213,212,213,676,676,677,677,0.06630002451159127,0.18206949748000753,0.20064103967354613,0.550989438334855,200309,200012,200013,200308,200309
H138A,323516104245301,554878.9,3605752.9,1,,,4,44815.90000000002,17828.899999999907,678,223,4,1,1,1,1,223,224,223,224,677,677,678,678,0.09157524629421286,0.0353435479469796,0.6299510401924532,0.24313016556635428,200615,200319,200320,200615,200616
H139A,ISCL,551633.3,3605402.8,3,,,4,41570.30000000005,17478.799999999814,680,207,4,1,1,1,1,207,208,207,208,679,679,680,680,0.33064583180915097,0.055936527213271095,0.524659186881506,0.08875845409607193,201191,200895,200896,201191,201192
H140A,Piez-D,553427.4,3605304.8,3,,,4,43364.40000000002,17380.799999999814,680,216,4,1,1,1,1,216,217,216,217,680,680,681,681,0.8426631990994982,0.05676414520885252,0.09422537164714345,0.006347284044505903,201200,201200,201201,201496,201497
H141A,ISCG,553490.4,3605279.6,3,,,4,43427.40000000002,17355.600000000093,680,216,4,1,1,1,1,216,217,216,217,680,680,681,681,0.48285645331638344,0.2913024586383128,0.1408610365426498,0.084980051502654,201200,201200,201201,201496,201497
H142A,Terpening Stock NW Well,548920.2,3605033.5,3,,,4,38857.19999999995,17109.5,681,194,4,1,1,1,1,193,194,193,194,681,681,682,682,0.18839812526603564,0.36240518341134936,0.15364434669809643,0.2955523446245185,201474,201473,201474,201769,201770
H143A,323442104263901,552120.9,3604691.1,3,,,4,42057.90000000002,16767.100000000093,683,210,4,1,1,1,1,209,210,209,210,683,683,684,684,0.36619903187019326,0.4825443070311675,0.06526124014114584,0.08599542095749346,202082,202081,202082,202377,202378
H144A,ISCH,552763.7,3604612.8,3,,,4,42700.69999999995,16688.799999999814,684,213,4,1,1,1,1,212,213,212,213,683,683,684,684,0.10850150194831351,0.3510149221341881,0.1276195511020844,0.41286402481541395,202381,202084,202085,202380,202381
H145A,BPrice,551926.2,3604562.0,3,,,4,41863.19999999995,16638.0,684,209,4,1,1,1,1,208,209,208,209,683,683,684,684,0.08265323922758722,0.12433793233058513,0.31665480181298694,0.47635402662884063,202377,202080,202081,202376,202377
H146A,323409104281401,549649.0,3603662.3,3,,,4,39586.0,15738.299999999814,688,197,4,1,1,1,1,197,198,197,198,688,688,689,689,0.5283313309964127,0.20627854731340986,0.1908685417469107,0.07452157994326668,203549,203549,203550,203845,203846
H147A,323402104214901,559689.5,3603501.9,1,,,4,49626.5,15577.899999999907,689,247,4,1,1,1,1,247,248,247,248,689,689,690,690,0.7574801436072077,0.17978622082413573,0.05070008386397093,0.012033551704685692,203895,203895,203896,204191,204192
H148A,323359104233801,556847.7,3603392.8,1,,,4,46784.69999999995,15468.799999999814,690,233,4,1,1,1,1,233,234,233,234,689,689,690,690,0.369137102598485,0.02579648524764453,0.5655443576735263,0.039522054480344175,204177,203881,203882,204177,204178
H149A,Terpening NE of Home,550975.0,3602720.3,3,,,4,40912.0,14796.299999999814,693,204,4,1,1,1,1,203,204,203,204,692,692,693,693,0.006634556504391977,0.04532201710488024,0.1210597089852008,0.826983717405527,205036,204739,204740,205035,205036
H150A,323330104272301,550985.0,3602468.1,3,,,4,40922.0,14544.100000000093,694,204,4,1,1,1,1,203,204,203,204,694,694,695,695,0.06225337103778947,0.7360246851148178,0.01573119907281427,0.1859907447745785,205332,205331,205332,205627,205628
